QYEAR,NEWID,SEQNO,ALCNO,PRTDMBNO,PRTD_BNO,ENROLLMO,ENRO_LMO,ENROLLYR,ENRO_LYR,HHDRGSS,HHDRGSS_,STILDRUG,STIL_RUG,DRGPREMX,DRGP_EMX,QDRGPM1X,QDRG_M1X,QDRGPM2X,QDRG_M2X,QDRGPM3X,QDRG_M3X,PREMCHG,PREMCHG_,PREMCHGX,PREM_HGX
20171,03386774,15,0,1,D,12,D,2016,D,2,D,,A,60,D,,A,,A,,A,,A,,A
20171,03386884,9,0,1,D,11,D,2013,D,1,D,1,D,80,D,80,D,80,D,80,D,1,D,,A
20171,03386884,10,0,2,D,11,D,2013,D,1,D,1,D,80,D,80,D,80,D,80,D,1,D,,A
20171,03386904,3,0,1,D,12,D,2005,D,2,D,,A,0,D,0,D,0,D,0,D,,A,,A
20171,03387234,6,0,1,D,12,D,2005,D,2,D,1,D,0,D,0,D,0,D,0,D,1,D,,A
20171,03387304,10,0,1,D,,A,,A,,A,2,D,,A,,A,,A,,A,,A,,A
20171,03387444,18,0,1,D,12,D,2005,D,2,D,1,D,0,D,0,D,0,D,0,D,1,D,,A
20171,03387614,11,0,1,D,01,D,2007,D,1,D,1,D,15,D,15,D,15,D,15,D,1,D,,A
20171,03387724,5,0,1,D,12,D,2005,D,1,D,1,D,0,D,0,D,0,D,0,D,1,D,,A
20171,03387724,6,0,2,D,12,D,2005,D,1,D,1,D,0,D,0,D,0,D,0,D,1,D,,A
20171,03387724,7,0,3,D,12,D,2005,D,1,D,1,D,0,D,0,D,0,D,0,D,1,D,,A
20171,03387814,11,0,1,D,03,D,2016,D,1,D,1,D,45,F,45,F,45,F,45,F,1,D,,A
20171,03387964,9,0,1,D,12,D,2005,D,1,D,1,D,328,D,328,D,328,D,328,D,1,D,,A
20171,03388044,5,0,1,D,05,D,2016,D,2,D,1,D,202,D,202,D,202,D,202,D,2,D,107,D
20171,03388044,6,0,2,D,05,D,2016,D,2,D,1,D,0,D,0,D,0,D,0,D,2,D,107,D
20171,03388094,22,0,1,D,11,D,2013,D,2,D,1,D,42,D,42,D,42,D,42,D,2,D,47,D
20171,03388174,6,0,1,D,,A,,A,,A,2,D,,A,,A,,A,,A,,A,,A
20171,03388174,7,0,2,D,,A,,A,,A,2,D,,A,,A,,A,,A,,A,,A
20171,03388294,3,0,1,D,02,D,2016,D,2,D,1,D,354,D,354,D,354,D,354,D,1,D,,A
20171,03388294,4,0,2,D,03,D,2016,D,2,D,1,D,0,D,0,D,0,D,0,D,1,D,,A
20171,03388304,4,0,1,D,06,D,2016,D,1,D,1,D,450,F,450,F,450,F,450,F,,A,,A
20171,03388504,5,0,1,D,11,D,2016,D,1,F,,A,17,F,17,F,,A,,A,,A,,A
20171,03388554,12,0,1,D,05,D,2016,D,2,D,1,D,19,D,19,D,19,D,19,D,1,D,,A
20171,03388554,13,0,2,D,09,D,2012,D,2,D,1,D,67,D,67,D,67,D,67,D,1,D,,A
20171,03388604,3,0,1,D,06,D,2007,D,2,D,1,D,60,D,60,D,60,D,60,D,1,D,,A
20171,03388754,9,0,1,D,05,D,2015,D,1,D,1,D,25,F,25,F,25,F,25,F,1,D,,A
20171,03388834,15,0,1,D,,A,2013,D,1,D,1,D,0,D,,A,,A,,A,2,D,35,D
20171,03388834,16,0,2,D,,A,2014,D,1,D,1,D,0,D,,A,,A,,A,2,D,35,D
20171,03388974,9,0,1,D,07,D,2007,D,2,D,1,D,0,D,0,D,0,D,0,D,1,D,,A
20171,03389194,3,0,1,D,09,D,2006,D,1,D,1,D,0,D,0,D,0,D,0,D,1,D,,A
20171,03389194,4,0,2,D,08,D,2008,D,1,D,1,D,0,D,0,D,0,D,0,D,1,D,,A
20171,03389204,3,0,2,D,11,D,2012,D,2,D,,A,20,D,20,D,20,D,20,D,,A,,A
20171,03389204,4,0,3,D,01,D,2012,D,2,D,,A,20,D,20,D,20,D,20,D,,A,,A
20171,03389204,5,0,4,D,09,D,2012,D,2,D,,A,20,D,20,D,20,D,20,D,,A,,A
20171,03389204,6,0,5,D,11,D,2012,D,2,D,,A,20,D,20,D,20,D,20,D,,A,,A
20171,03389234,6,0,1,D,12,D,2005,D,2,D,1,D,40,D,40,D,40,D,40,D,1,D,,A
20171,03389234,7,0,2,D,12,D,2005,D,2,D,1,D,24,D,24,D,24,D,24,D,1,D,,A
20171,03389244,11,0,1,D,03,D,2016,D,1,D,1,D,0,D,0,D,0,D,0,D,1,D,,A
20171,03389434,6,0,1,D,12,D,2005,D,1,D,1,D,15,F,15,F,15,F,15,F,1,D,,A
20171,03389474,13,0,2,D,09,D,2016,D,1,D,1,D,20,D,20,D,20,D,20,D,1,D,,A
20171,03389604,9,0,1,D,12,D,2005,D,2,F,1,D,190,F,190,F,190,F,190,F,1,D,,A
20171,03389844,6,0,1,D,04,D,2016,D,2,D,1,D,68,F,68,F,68,F,68,F,,C,,A
20171,03389844,7,0,2,D,05,D,2016,D,2,D,1,D,36,F,36,F,36,F,36,F,,C,,A
20171,03390004,3,0,2,D,12,D,2013,D,1,D,1,D,3,F,3,F,3,F,3,F,1,D,,A
20171,03390204,14,0,1,D,01,D,2014,D,1,D,1,D,17,F,17,F,17,F,17,F,1,D,,A
20171,03390374,17,0,4,D,01,D,2010,D,1,D,1,D,57,D,57,D,57,D,57,D,1,D,,A
20171,03390434,6,0,1,D,09,D,2014,D,1,D,1,D,20,F,20,F,20,F,20,F,1,D,,A
20171,03390454,9,0,1,D,12,D,2005,D,1,D,1,D,108,D,108,D,108,D,108,D,1,D,,A
20171,03390454,10,0,2,D,12,D,2005,D,1,D,1,D,108,D,108,D,108,D,108,D,1,D,,A
20171,03390464,18,0,1,D,10,D,2009,D,2,D,1,D,54,D,54,D,54,D,54,D,2,D,34,D
20171,03390534,7,0,2,D,01,D,2016,D,1,D,1,D,0,D,0,D,0,D,0,D,2,D,70,D
20171,03390624,23,0,1,D,04,D,2011,D,2,D,1,D,55,D,55,D,55,D,55,D,1,D,,A
20171,03391124,5,0,1,D,12,D,2005,D,1,D,1,D,55,F,55,F,55,F,55,F,1,D,,A
20171,03391174,7,0,1,D,12,D,2005,D,1,D,1,D,0,D,0,D,0,D,0,D,1,D,,A
20171,03391324,10,0,1,D,04,D,2015,D,1,D,1,D,0,D,0,D,0,D,0,D,2,D,0,D
20171,03392084,4,0,2,D,,A,,A,,A,2,D,,A,,A,,A,,A,,A,,A
20171,03392234,14,0,6,D,10,D,2016,D,1,D,,A,50,F,50,F,50,F,,A,,A,,A
20171,03392324,6,0,1,D,06,D,2016,D,1,D,1,D,20,D,20,D,20,D,20,D,1,D,,A
20171,03392434,7,0,2,D,01,D,2016,D,2,D,1,D,56,D,56,D,56,D,56,D,1,D,,A
20171,03392444,8,0,4,D,10,D,2010,D,1,D,1,D,125,F,125,F,125,F,125,F,1,D,,A
20171,03392634,7,0,1,D,04,D,2016,D,1,F,1,D,0,D,0,D,0,D,0,D,1,D,,A
20171,03392754,7,0,1,D,01,D,2016,D,2,D,1,D,94,F,94,F,94,F,94,F,1,D,,A
20171,03392954,15,0,1,D,01,D,2012,D,1,D,1,D,10,F,10,F,10,F,10,F,1,D,,A
20171,03393174,5,0,1,D,,A,,A,,A,2,D,,A,,A,,A,,A,,A,,A
20171,03393204,5,0,1,D,12,D,2005,D,1,D,1,D,60,F,60,F,60,F,60,F,,A,,A
20171,03393294,14,0,1,D,01,D,2010,D,1,D,1,D,82,D,82,D,82,D,82,D,1,D,,A
20171,03393344,5,0,3,D,04,D,2016,D,1,D,1,D,31,F,,A,,A,,A,1,D,31,F
20171,03393474,7,0,1,D,08,D,2016,D,2,D,1,D,0,D,0,D,0,D,0,D,1,D,,A
20171,03393474,8,0,2,D,07,D,2016,D,2,D,1,D,0,D,0,D,0,D,0,D,1,D,,A
20171,03393534,11,0,2,D,10,D,2016,D,1,D,,A,100,D,100,D,100,D,,A,,A,,A
20171,03393634,11,0,2,D,01,D,2007,D,1,D,1,D,54,D,54,D,54,D,54,D,1,D,,A
20171,03393734,13,0,1,D,08,D,2006,D,1,D,1,D,17,D,17,D,17,D,17,D,2,D,21,D
20171,03393784,3,0,1,D,,A,2005,D,2,D,1,D,0,D,,A,,A,,A,1,D,,A
20171,03393784,4,0,2,D,,A,2005,D,2,D,1,D,0,D,,A,,A,,A,1,D,,A
20171,03393894,12,0,1,D,08,D,2014,D,2,D,1,D,0,D,0,D,0,D,0,D,1,D,,A
20171,03393894,13,0,2,D,04,D,2014,D,2,D,1,D,0,D,0,D,0,D,0,D,1,D,,A
20171,03393974,3,0,1,D,,A,2015,D,2,D,1,D,,C,,A,,A,,A,1,D,,A
20171,03394184,9,0,1,D,12,D,2005,D,2,D,1,D,42,D,42,D,42,D,42,D,1,D,,A
20171,03394334,6,0,1,D,04,D,2016,D,1,D,1,D,24,F,24,F,24,F,24,F,1,D,,A
20171,03394354,25,0,1,D,11,D,2015,D,1,D,,A,18,F,18,F,22,F,22,F,,A,22,F
20171,03394354,26,0,2,D,05,D,2014,D,1,D,,A,104,F,104,F,104,F,104,F,,A,,A
20171,03394384,16,0,1,D,02,D,2013,D,1,D,1,D,15,D,15,D,15,D,15,D,1,D,,A
20171,03394384,17,0,2,D,01,D,2013,D,1,D,1,D,15,D,15,D,15,D,15,D,1,D,,A
20171,03394554,8,0,1,D,01,D,2012,D,1,D,1,D,20,D,20,D,20,D,20,D,1,D,,A
20171,03394574,9,0,2,D,,A,2014,D,1,D,1,D,,C,,A,,A,,A,1,D,,A
20171,03394694,12,0,1,D,06,D,2012,D,1,D,1,D,312,D,312,D,312,D,312,D,1,D,,A
20171,03394704,10,0,1,D,04,D,2016,D,1,D,1,D,104,F,104,F,105,F,105,F,1,D,105,F
20171,03394714,19,0,3,D,04,D,2013,D,1,D,1,D,113,F,113,F,113,F,113,F,1,D,,A
20171,03394924,13,0,1,D,07,D,2016,D,1,F,1,D,27,F,27,F,27,F,27,F,1,D,,A
20171,03394964,9,0,3,D,05,D,2016,D,1,D,1,D,101,F,101,F,101,F,101,F,1,D,129,F
20171,03394984,11,0,1,D,10,D,2013,D,1,D,1,D,129,F,129,F,129,F,129,F,1,D,,A
20171,03394994,8,0,1,D,12,D,2006,D,1,D,1,D,110,F,110,F,110,F,110,F,1,D,,A
20171,03395054,14,0,1,D,05,D,2011,D,2,D,1,D,365,D,365,D,365,D,365,D,1,D,,A
20171,03395084,3,0,1,D,11,D,2014,D,2,D,,A,47,F,47,F,47,F,47,F,,A,64,F
20171,03395194,10,0,5,D,04,D,2016,D,2,D,1,D,122,F,122,F,122,F,122,F,1,D,,A
20171,03395294,6,0,1,D,,A,,A,,A,2,D,,A,,A,,A,,A,,A,,A
20171,03395464,5,0,1,D,02,D,2016,D,1,D,1,D,72,F,72,F,72,F,72,F,1,D,,A
20171,03395684,11,0,1,D,09,D,2015,D,1,D,1,D,140,D,140,D,140,D,140,D,1,D,,A
20171,03395794,3,0,1,D,01,D,2016,D,1,D,1,D,86,F,86,F,86,F,86,F,1,D,,A
20171,03395804,9,0,1,D,09,D,2016,D,1,D,1,D,19,F,19,F,19,F,17,F,1,D,17,F
20171,03395984,3,0,1,D,11,D,2016,D,1,D,,A,99,F,99,F,,A,,A,,A,,A
20171,03396164,17,0,1,D,09,D,2015,D,1,D,1,D,64,D,64,D,64,D,64,D,1,D,,A
20171,03396574,12,0,3,D,04,D,2014,D,1,D,1,D,20,F,20,F,20,F,20,F,1,D,,A
20171,03396654,14,0,2,D,04,D,2016,D,1,D,1,D,16,D,16,D,16,D,16,D,1,D,,A
20171,03397154,7,0,2,D,,A,,A,,A,2,D,,A,,A,,A,,A,,A,,A
20171,03397164,6,0,1,D,10,D,2016,D,1,D,,A,69,F,69,F,69,F,,A,,A,,A
20171,03397214,6,0,1,D,,A,,A,,A,2,D,,A,,A,,A,,A,,A,,A
20171,03397214,7,0,2,D,,A,,A,,A,2,D,,A,,A,,A,,A,,A,,A
20171,03407744,10,0,3,D,01,D,2016,D,1,F,1,D,90,F,90,F,90,F,90,F,,C,,A
20171,03407814,12,0,2,D,07,D,2016,D,1,D,1,D,19,F,19,F,19,F,19,F,1,D,,A
20171,03407964,6,0,1,D,12,D,2005,D,1,D,1,D,0,D,0,D,0,D,0,D,1,D,,A
20171,03408074,16,0,2,D,07,D,2015,D,1,D,1,D,5,D,5,D,5,D,5,D,1,D,,A
20171,03408184,5,0,1,D,02,D,2016,D,2,D,1,D,0,D,0,D,0,D,0,D,1,D,,A
20171,03408254,6,0,3,D,07,D,2011,D,1,D,1,D,0,D,0,D,0,D,0,D,1,D,,A
20171,03408264,11,0,1,D,,A,,A,,A,2,D,,A,,A,,A,,A,,A,,A
20171,03408344,3,0,1,D,,A,2011,D,2,D,1,D,0,D,,A,,A,,A,1,D,,A
20171,03408494,8,0,1,D,,A,2014,D,1,D,1,D,,C,,A,,A,,A,1,D,,A
20171,03408604,23,0,1,D,01,D,2011,D,1,D,1,D,54,D,54,D,54,D,54,D,1,D,,A
20171,03408604,24,0,2,D,01,D,2015,D,1,D,1,D,54,D,54,D,54,D,54,D,1,D,,A
20171,03408684,14,0,1,D,12,D,2006,D,1,D,1,D,92,D,92,D,92,D,92,D,1,D,,A
20171,03408684,15,0,2,D,12,D,2005,D,1,D,1,D,92,D,92,D,92,D,92,D,1,D,,A
20171,03408704,4,0,1,D,12,D,2005,D,2,D,1,D,0,D,0,D,0,D,0,D,1,D,,A
20171,03408724,25,0,1,D,,A,2007,D,1,D,1,D,32,D,,A,,A,,A,1,D,,A
20171,03408734,3,0,1,D,11,D,2009,D,2,D,1,D,12,D,12,D,12,D,12,D,1,D,,A
20171,03408834,5,0,1,D,,A,2011,D,2,D,1,D,0,D,,A,,A,,A,1,D,,A
20171,03408984,5,0,1,D,02,D,2017,D,2,D,,A,,C,,A,,A,,A,,A,,A
20171,03409044,10,0,1,D,,A,,A,,A,2,D,,A,,A,,A,,A,,A,,A
20171,03409244,16,0,1,D,,A,,A,,A,2,D,,A,,A,,A,,A,,A,,A
20171,03409244,17,0,2,D,02,D,2016,D,1,D,1,D,24,D,24,D,24,D,24,D,1,D,,A
20171,03409254,4,0,1,D,01,D,2010,D,1,D,1,D,0,D,0,D,0,D,0,D,1,D,,A
20171,03409344,8,0,1,D,03,D,2016,D,1,F,1,D,25,F,25,F,25,F,25,F,2,D,,A
20171,03409414,8,0,1,D,09,D,2016,D,1,D,1,D,28,F,28,F,28,F,28,F,1,D,,A
20171,03409444,13,0,1,D,12,D,2006,D,2,D,1,D,67,D,67,D,67,D,84,D,2,D,84,D
20171,03409444,14,0,2,D,09,D,2008,D,2,D,1,D,67,D,67,D,67,D,84,D,2,D,84,D
20171,03409464,16,0,2,D,02,D,2012,D,1,D,1,D,43,F,43,F,43,F,43,F,1,D,,A
20171,03409484,3,0,1,D,,A,2005,D,1,D,1,D,30,D,,A,,A,,A,1,D,,A
20171,03409654,10,0,2,D,,A,,A,,A,2,D,,A,,A,,A,,A,,A,,A
20171,03409834,8,0,1,D,09,D,2011,D,1,D,1,D,120,F,120,F,120,F,120,F,1,D,,A
20171,03409834,9,0,2,D,03,D,2016,D,1,D,1,D,50,D,50,D,50,D,50,D,1,D,,A
20171,03409924,5,0,1,D,12,D,2005,D,1,D,,A,100,F,100,F,100,F,100,F,,A,,A
20171,03409964,13,0,1,D,12,D,2005,D,2,D,1,D,26,D,26,D,26,D,26,D,1,D,,A
20171,03409984,9,0,1,D,09,D,2016,D,2,D,1,D,0,D,0,D,0,D,0,D,1,D,,A
20171,03409994,10,0,1,D,12,D,2010,D,1,D,1,D,45,D,45,D,45,D,68,D,2,D,68,D
20171,03410004,5,0,1,D,02,D,2016,D,2,D,1,D,0,D,0,D,0,D,0,D,1,D,,A
20171,03410004,6,0,2,D,01,D,2014,D,2,D,1,D,0,D,0,D,0,D,0,D,1,D,,A
20171,03410164,6,0,1,D,12,D,2005,D,2,D,1,D,20,D,20,D,20,D,20,D,1,D,,A
20171,03410364,10,0,1,D,02,D,2015,D,1,D,1,D,63,F,63,F,63,F,61,F,1,D,61,F
20171,03410584,7,0,2,D,01,D,2012,D,2,D,1,D,25,D,25,D,25,D,34,D,2,D,34,D
20171,03410624,11,0,1,D,12,D,2010,D,2,D,1,D,50,D,50,D,50,D,38,D,2,D,38,D
20171,03410664,14,0,5,D,,A,,A,,A,2,D,,A,,A,,A,,A,,A,,A
20171,03410714,8,0,1,D,02,D,2017,D,1,F,,A,,C,,A,,A,,A,,A,,A
20171,03410794,10,0,1,D,06,D,2011,D,2,D,1,D,0,D,0,D,0,D,0,D,1,D,,A
20171,03410874,8,0,1,D,10,D,2015,D,1,D,1,D,18,D,18,D,18,D,18,D,1,D,,A
20171,03410874,9,0,2,D,08,D,2015,D,1,D,1,D,18,D,18,D,18,D,18,D,1,D,,A
20171,03410924,10,0,1,D,,A,2011,D,2,D,1,D,0,D,,A,,A,,A,1,D,,A
20171,03410924,11,0,2,D,,A,,C,2,D,1,D,0,D,,A,,A,,A,1,D,,A
20171,03410964,9,0,1,D,10,D,2006,D,2,D,1,D,12,D,12,D,12,D,12,D,1,D,,A
20171,03410984,17,0,1,D,12,D,2005,D,2,D,1,D,122,D,122,D,122,D,122,D,1,D,,A
20171,03411154,8,0,5,D,,A,,A,,A,2,D,,A,,A,,A,,A,,A,,A
20171,03411654,12,0,1,D,,A,2015,D,1,D,1,D,73,D,,A,,A,,A,1,D,,A
20171,03411704,8,0,1,D,03,D,2016,D,1,D,1,D,36,F,36,F,36,F,36,F,2,D,,A
20171,03411824,8,0,1,D,08,D,2006,D,1,D,1,D,19,F,19,F,19,F,19,F,2,D,,A
20171,03411824,9,0,2,D,12,D,2005,D,1,D,1,D,104,D,104,D,104,D,104,D,1,D,,A
20171,03412004,6,0,1,D,04,D,2016,D,1,D,1,D,120,D,120,D,120,D,120,D,1,D,,A
20171,03412064,3,0,1,D,,A,,A,,A,2,D,,A,,A,,A,,A,,A,,A
20171,03412124,5,0,1,D,04,D,2011,D,2,D,1,D,0,D,0,D,0,D,0,D,1,D,,A
20171,03412294,5,0,1,D,04,D,2016,D,1,D,1,D,10,F,10,F,10,F,10,F,1,D,,A
20171,03412314,7,0,2,D,01,D,2016,D,2,D,,A,0,D,0,D,0,D,0,D,,A,,A
20171,03412434,11,0,1,D,08,D,2016,D,1,D,1,D,33,F,33,F,33,F,33,F,1,D,,A
20171,03412484,11,0,1,D,,A,,A,,A,2,D,,A,,A,,A,,A,,A,,A
20171,03412574,10,0,1,D,12,D,2015,D,1,D,1,D,17,F,17,F,17,F,17,F,1,D,,A
20171,03412604,3,0,1,D,03,D,2016,D,1,D,1,D,125,D,125,D,125,D,125,D,,C,,A
20171,03412694,5,0,1,D,01,D,2011,D,1,D,1,D,44,D,44,D,44,D,44,D,1,D,,A
20171,03413014,13,0,1,D,12,D,2015,D,1,D,1,D,109,F,109,F,109,F,109,F,1,D,,A
20171,03413014,14,0,2,D,11,D,2015,D,1,D,1,D,54,F,54,F,54,F,54,F,1,D,,A
20171,03413454,10,0,1,D,01,D,2010,D,1,D,1,D,81,D,81,D,81,D,88,D,2,D,88,D
20171,03413614,3,0,1,D,09,D,2013,D,2,D,1,D,0,D,0,D,0,D,0,D,1,D,,A
20171,03413764,15,0,1,D,12,D,2005,D,2,D,1,D,50,D,50,D,50,D,43,D,2,D,43,D
20171,03413834,6,0,1,D,07,D,2016,D,1,D,1,D,0,D,0,D,0,D,0,D,1,D,,A
20171,03413844,11,0,1,D,01,D,2016,D,2,D,1,D,23,D,23,D,23,D,25,D,2,D,25,D
20171,03413874,3,0,1,D,02,D,2016,D,1,D,1,D,29,F,29,F,29,F,29,F,1,D,,A
20171,03413924,4,0,1,D,02,D,2017,D,2,D,,A,,C,,A,,A,,A,,A,,A
20171,03414004,7,0,1,D,10,D,2016,D,1,D,1,D,60,D,60,D,60,D,113,D,2,D,113,D
20171,03414094,13,0,2,D,01,D,2016,D,2,D,1,D,120,D,120,D,120,D,120,D,1,D,,A
20171,03414094,14,0,3,D,04,D,2016,D,1,D,1,D,104,F,104,F,104,F,104,F,1,D,,A
20171,03414214,20,0,1,D,08,D,2010,D,2,D,1,D,22,D,22,D,22,D,30,D,2,D,30,D
20171,03414214,21,0,2,D,01,D,2015,D,2,D,1,D,19,D,19,D,19,D,17,D,2,D,17,D
20171,03414244,10,0,1,D,,A,,A,,A,2,D,,A,,A,,A,,A,,A,,A
20171,03414284,16,0,1,D,01,D,2009,D,1,D,1,D,33,D,33,D,33,D,33,D,1,D,,A
20171,03414284,17,0,2,D,11,D,2013,D,1,D,1,D,23,D,23,D,23,D,23,D,1,D,,A
20171,03414504,7,0,1,D,01,D,2006,D,1,D,1,D,80,D,80,D,80,D,80,D,1,D,,A
20171,03414754,3,0,1,D,11,D,2014,D,1,D,1,D,25,D,25,D,25,D,25,D,1,D,,A
20171,03414844,23,0,1,D,01,D,2015,D,1,F,1,D,17,D,17,D,17,D,17,D,,C,,A
20171,03414924,5,0,2,D,02,D,2016,D,1,D,1,D,60,F,60,F,60,F,60,F,1,D,,A
20171,03414974,22,0,2,D,12,D,2012,D,1,D,1,D,48,D,48,D,48,D,48,D,1,D,,A
20171,03415214,7,0,1,D,,A,2015,D,2,D,1,D,0,D,,A,,A,,A,1,D,,A
20171,03415214,8,0,2,D,,A,2015,D,2,D,1,D,0,D,,A,,A,,A,,C,,A
20171,03415234,10,0,1,D,06,D,2016,D,1,D,1,D,30,D,30,D,30,D,30,D,1,D,,A
20171,03415264,13,0,1,D,05,D,2012,D,2,D,1,D,26,D,26,D,26,D,26,D,1,D,,A
20171,03415264,14,0,2,D,05,D,2014,D,2,D,1,D,26,D,26,D,26,D,26,D,1,D,,A
20171,03415454,10,0,1,D,12,D,2005,D,2,D,,A,0,D,0,D,0,D,0,D,,A,,A
20171,03415634,34,0,4,D,11,D,2011,D,2,D,1,D,0,D,0,D,0,D,0,D,1,D,,A
20171,03415704,15,0,1,D,01,D,2010,D,1,D,1,D,49,D,49,D,49,D,49,D,1,D,,A
20171,03415704,16,0,2,D,06,D,2011,D,1,D,1,D,105,D,105,D,105,D,105,D,1,D,,A
20171,03415804,3,0,1,D,12,D,2005,D,1,D,1,D,57,F,57,F,57,F,57,F,1,D,,A
20171,03415814,24,0,1,D,04,D,2014,D,2,D,1,D,18,D,18,D,18,D,17,D,2,D,17,D
20171,03415814,25,0,2,D,04,D,2014,D,2,D,1,D,18,D,18,D,18,D,17,D,2,D,17,D
20171,03415834,19,0,1,D,12,D,2005,D,2,D,1,D,16,D,16,D,16,D,16,D,1,D,,A
20171,03415914,5,0,1,D,05,D,2016,D,1,D,1,D,20,F,20,F,20,F,20,F,1,D,,A
20171,03416074,3,0,2,D,05,D,2015,D,1,D,1,D,64,F,64,F,64,F,64,F,1,D,,A
20171,03416074,4,0,3,D,12,D,2005,D,1,D,1,D,99,F,99,F,99,F,99,F,1,D,,A
20171,03416394,12,0,1,D,12,D,2005,D,2,D,1,D,0,D,0,D,0,D,0,D,1,D,,A
20171,03416454,10,0,3,D,01,D,2010,D,2,D,1,D,35,D,35,D,35,D,35,D,1,D,,A
20171,03416814,6,0,1,D,12,D,2005,D,2,D,1,D,0,D,0,D,0,D,0,D,1,D,,A
20171,03416854,9,0,1,D,07,D,2010,D,1,D,1,D,45,D,45,D,45,D,35,D,2,D,35,D
20171,03417144,11,0,1,D,12,D,2005,D,2,D,1,D,66,D,66,D,66,D,66,D,1,D,,A
20171,03417144,12,0,2,D,12,D,2005,D,2,D,1,D,66,D,66,D,66,D,66,D,1,D,,A
20171,03417294,10,0,1,D,05,D,2015,D,1,D,1,D,104,F,104,F,104,F,104,F,1,D,,A
20171,03417294,11,0,2,D,12,D,2005,D,1,D,1,D,25,F,25,F,25,F,25,F,1,D,,A
20171,03417504,9,0,1,D,11,D,2016,D,2,D,,A,0,D,0,D,0,D,,A,,A,,A
20171,03417504,10,0,3,D,11,D,2016,D,2,D,,A,0,D,0,D,0,D,,A,,A,,A
20171,03417504,11,0,4,D,11,D,2016,D,2,D,,A,0,D,0,D,0,D,,A,,A,,A
20171,03417504,12,0,5,D,11,D,2016,D,2,D,,A,0,D,0,D,0,D,,A,,A,,A
20171,03417504,13,0,6,D,11,D,2016,D,2,D,,A,0,D,0,D,0,D,,A,,A,,A
20171,03417504,14,0,7,D,11,D,2016,D,2,D,,A,0,D,0,D,0,D,,A,,A,,A
20171,03417724,15,0,1,D,05,D,2016,D,1,D,1,D,35,D,35,D,35,D,35,D,1,D,,A
20171,03417724,16,0,2,D,09,D,2015,D,1,D,1,D,0,D,0,D,0,D,0,D,1,D,,A
20171,03417774,8,0,1,D,04,D,2016,D,1,D,1,D,40,F,40,F,40,F,40,F,,C,,A
20171,03417874,7,0,1,D,07,D,2012,D,1,D,,A,106,D,106,D,106,D,106,D,,A,,A
20171,03418064,8,0,1,D,,A,,C,1,D,1,D,105,D,,A,,A,,A,2,D,109,D
20171,03418084,10,0,1,D,10,D,2015,D,1,D,1,D,120,D,120,D,120,D,120,D,1,D,,A
20171,03418084,11,0,3,D,12,D,2005,D,2,D,1,D,0,D,0,D,0,D,0,D,1,D,,A
20171,03418164,13,0,1,D,02,D,2014,D,1,D,1,D,25,D,25,D,25,D,25,D,1,D,,A
20171,03418164,14,0,2,D,01,D,2014,D,1,D,1,D,25,D,25,D,25,D,25,D,1,D,,A
20171,03418534,8,0,1,D,04,D,2011,D,1,D,1,D,20,D,20,D,20,D,20,D,1,D,,A
20171,03418594,5,0,1,D,12,D,2005,D,1,D,,A,129,D,129,D,129,D,129,D,,A,,A
20171,03418594,6,0,2,D,07,D,2016,D,1,D,,A,129,D,129,D,129,D,129,D,,A,,A
20171,03418714,5,0,2,D,03,D,2016,D,1,D,1,D,21,F,21,F,21,F,28,F,1,D,28,F
20171,03418734,3,0,1,D,05,D,2016,D,1,F,1,D,20,F,20,F,20,F,20,F,1,D,,A
20171,03418854,11,0,1,D,07,D,2007,D,1,D,1,D,80,F,80,F,80,F,80,F,1,D,,A
20171,03418854,12,0,2,D,01,D,2008,D,1,D,1,D,50,F,50,F,50,F,50,F,1,D,,A
20171,03418914,11,0,1,D,04,D,2008,D,1,D,1,D,15,D,15,D,17,D,17,D,2,D,17,D
20171,03418964,13,0,1,D,04,D,2016,D,1,D,1,D,45,F,45,F,45,F,45,F,1,D,,A
20171,03418964,14,0,2,D,06,D,2016,D,1,D,1,D,40,F,40,F,40,F,40,F,1,D,,A
20171,03419094,5,0,1,D,04,D,2016,D,1,D,1,D,40,D,40,D,40,D,40,D,1,D,,A
20171,03419244,9,0,1,D,11,D,2009,D,1,D,1,D,50,F,50,F,50,F,50,F,1,D,,A
20171,03419594,9,0,2,D,,A,,A,,A,2,D,,A,,A,,A,,A,,A,,A
20171,03419614,9,0,1,D,11,D,2006,D,2,D,1,D,10,D,10,D,10,D,10,D,1,D,,A
20171,03419974,19,0,1,D,04,D,2014,D,2,D,1,D,0,D,0,D,0,D,0,D,1,D,,A
20171,03420004,4,0,1,D,08,D,2016,D,1,D,1,D,38,F,38,F,38,F,38,F,1,D,,A
20171,03420144,11,0,1,D,12,D,2005,D,1,D,1,D,20,D,20,D,27,D,27,D,2,D,27,D
20171,03420164,3,0,2,D,10,D,2014,D,2,D,1,D,38,D,38,D,38,D,38,D,1,D,,A
20171,03420694,6,0,1,D,06,D,2016,D,2,F,1,D,54,F,54,F,54,F,54,F,1,D,,A
20171,03420704,10,0,1,D,04,D,2016,D,1,F,1,D,300,F,300,F,300,F,300,F,1,D,,A
20171,03420864,9,0,1,D,11,D,2008,D,2,D,1,D,0,D,0,D,0,D,0,D,1,D,,A
20171,03421024,11,0,1,D,,A,,A,,A,2,D,,A,,A,,A,,A,,A,,A
20171,03421024,12,0,2,D,01,D,2013,D,1,D,1,D,90,D,90,D,90,D,90,D,1,D,,A
20171,03421234,5,0,2,D,12,D,2005,D,2,D,1,D,0,D,0,D,0,D,0,D,1,D,,A
20171,03421354,34,0,1,D,10,D,2016,D,2,D,1,D,25,D,25,D,25,D,25,D,1,D,,A
20171,03421424,19,0,1,D,01,D,2007,D,1,D,1,D,0,D,0,D,0,D,0,D,1,D,,A
20171,03421424,20,0,2,D,01,D,2007,D,1,D,1,D,0,D,0,D,0,D,0,D,1,D,,A
20171,03421634,3,0,1,D,12,D,2005,D,1,D,1,D,56,F,56,F,56,F,56,F,1,D,,A
20171,03421664,7,0,1,D,03,D,2016,D,1,D,1,D,25,F,25,F,25,F,25,F,1,D,,A
20171,03421674,7,0,1,D,05,D,2010,D,1,D,1,D,33,D,33,D,38,D,38,D,2,D,38,D
20171,03421674,8,0,2,D,01,D,2010,D,1,D,1,D,15,D,15,D,65,D,65,D,2,D,65,D
20171,03421984,10,0,2,D,,A,2005,D,2,D,1,D,,C,,A,,A,,A,1,D,,A
20171,03422004,6,0,1,D,,A,,A,,A,2,D,,A,,A,,A,,A,,A,,A
20171,03422024,13,0,2,D,07,D,2016,D,2,D,1,D,113,D,113,D,113,D,113,D,1,D,,A
20171,03422044,12,0,1,D,12,D,2012,D,2,D,1,D,0,D,0,D,0,D,0,D,1,D,,A
20171,03422044,13,0,2,D,07,D,2009,D,2,D,1,D,0,D,0,D,0,D,0,D,1,D,,A
20171,03422184,11,0,1,D,03,D,2006,D,2,D,1,D,67,D,67,D,83,D,83,D,2,D,83,D
20171,03422184,12,0,2,D,01,D,2010,D,2,D,1,D,67,D,67,D,83,D,83,D,2,D,83,D
20171,03422204,11,0,1,D,06,D,2016,D,2,F,1,D,125,F,125,F,125,F,125,F,1,D,140,F
20171,03422444,9,0,1,D,04,D,2008,D,1,D,1,D,0,D,0,D,0,D,0,D,1,D,,A
20171,03422444,10,0,2,D,12,D,2005,D,1,D,1,D,0,D,0,D,0,D,0,D,1,D,,A
20171,03422634,4,0,1,D,08,D,2016,D,1,F,,A,52,F,52,F,52,F,52,F,,A,,A
20171,03422684,9,0,1,D,,A,,C,1,D,1,D,60,D,,A,,A,,A,1,D,,A
20171,03422914,6,0,1,D,08,D,2011,D,2,D,1,D,59,D,59,D,59,D,59,D,1,D,,A
20171,03422914,7,0,2,D,11,D,2014,D,2,D,1,D,59,D,59,D,59,D,59,D,1,D,,A
20171,03423004,8,0,1,D,12,D,2005,D,1,D,1,D,121,F,121,F,121,F,121,F,1,D,,A
20171,03423274,10,0,1,D,04,D,2011,D,1,D,1,D,17,F,17,F,17,F,17,F,1,D,,A
20171,03423404,11,0,1,D,06,D,2016,D,2,D,1,D,10,F,10,F,10,F,10,F,1,D,,A
20171,03423724,4,0,1,D,06,D,2016,D,1,F,1,D,0,D,0,D,0,D,0,D,1,D,,A
20171,03423894,9,0,1,D,09,D,2007,D,1,D,1,D,100,D,100,D,100,D,100,D,1,D,,A
20171,03423894,10,0,2,D,12,D,2005,D,1,D,1,D,100,D,100,D,100,D,100,D,1,D,,A
20171,03424624,8,0,2,D,06,D,2016,D,2,F,1,D,100,F,100,F,100,F,100,F,1,D,,A
20171,03424694,7,0,1,D,05,D,2016,D,2,D,1,D,23,D,23,D,23,D,23,D,1,D,,A
20171,03424704,5,0,1,D,06,D,2016,D,1,D,1,D,142,D,142,D,142,D,142,D,1,D,,A
20171,03424704,6,0,2,D,05,D,2016,D,1,D,1,D,142,D,142,D,142,D,142,D,1,D,,A
20171,03425414,8,0,1,D,12,D,2005,D,1,D,1,D,45,D,45,D,45,D,45,D,1,D,,A
20171,03425414,9,0,2,D,12,D,2005,D,1,D,1,D,45,D,45,D,45,D,45,D,1,D,,A
20171,03425524,7,0,1,D,11,D,2012,D,1,D,,A,55,D,55,D,55,D,55,D,,A,,A
20171,03425564,36,0,1,D,06,D,2015,D,2,D,1,D,107,D,107,D,107,D,107,D,1,D,,A
20171,03425564,37,0,2,D,01,D,2015,D,1,D,1,D,107,D,107,D,107,D,107,D,1,D,,A
20171,03425934,3,0,1,D,08,D,2016,D,1,D,1,D,18,F,18,F,18,F,18,F,1,D,17,F
20171,03426134,12,0,1,D,06,D,2014,D,1,D,,A,50,F,50,F,50,F,50,F,,A,,A
20171,03426184,8,0,4,D,09,D,2016,D,1,D,,A,0,D,0,D,0,D,0,D,,A,,A
20171,03426224,4,0,1,D,,A,,A,,A,2,D,,A,,A,,A,,A,,A,,A
20171,03426224,5,0,2,D,,A,,A,,A,2,D,,A,,A,,A,,A,,A,,A
20171,03426404,9,0,1,D,10,D,2016,D,2,D,1,D,0,D,0,D,0,D,0,D,1,D,,A
20171,03426414,5,0,1,D,12,D,2005,D,2,D,1,D,105,F,105,F,105,F,105,F,1,D,,A
20171,03426434,5,0,2,D,10,D,2016,D,1,D,1,D,18,F,18,F,18,F,18,F,1,D,,A
20171,03426464,19,0,1,D,,A,,A,,A,2,D,,A,,A,,A,,A,,A,,A
20171,03426474,3,0,1,D,08,D,2013,D,1,D,1,D,0,D,0,D,0,D,0,D,1,D,,A
20171,03426774,8,0,1,D,12,D,2005,D,2,D,1,D,140,D,140,D,140,D,140,D,1,D,,A
20171,03426824,9,0,1,D,03,D,2016,D,2,D,1,D,40,D,40,D,17,D,17,D,2,D,17,D
20171,03427034,15,0,1,D,11,D,2014,D,2,D,1,D,36,F,36,F,36,F,36,F,1,D,,A
20171,03427124,26,0,1,D,03,D,2017,D,1,D,,A,41,D,,A,,A,,A,,A,,A
20171,03427124,27,0,2,D,03,D,2017,D,1,D,,A,41,D,,A,,A,,A,,A,,A
20171,03427254,6,0,1,D,03,D,2016,D,2,D,1,D,20,D,20,D,20,D,20,D,1,D,,A
20171,03427254,7,0,2,D,05,D,2016,D,2,D,1,D,20,D,20,D,20,D,20,D,1,D,,A
20171,03427304,11,0,1,D,12,D,2005,D,2,D,1,D,68,D,68,D,68,D,68,D,1,D,,A
20171,03427334,5,0,1,D,,A,,A,,A,2,D,,A,,A,,A,,A,,A,,A
20171,03427424,7,0,1,D,11,D,2006,D,2,D,1,D,67,D,67,D,67,D,67,D,1,D,,A
20171,03427494,5,0,1,D,,A,,A,,A,2,D,,A,,A,,A,,A,,A,,A
20171,03427494,6,0,2,D,,A,,A,,A,2,D,,A,,A,,A,,A,,A,,A
20171,03427634,9,0,1,D,,A,,A,,A,2,D,,A,,A,,A,,A,,A,,A
20171,03427684,4,0,1,D,04,D,2012,D,1,D,1,D,45,F,45,F,45,F,45,F,1,D,,A
20171,03427694,5,0,3,D,12,D,2005,D,1,F,,A,100,F,100,F,100,F,100,F,,A,,A
20171,03427694,6,0,4,D,12,D,2005,D,2,F,,A,18,F,18,F,18,F,15,F,,A,15,F
20171,03427694,7,0,5,D,12,D,2005,D,1,F,,A,47,F,47,F,47,F,47,F,,A,,A
20171,03427814,3,0,1,D,08,D,2006,D,2,D,1,D,63,D,63,D,63,D,63,D,1,D,,A
20171,03427834,5,0,1,D,,A,,A,,A,2,D,,A,,A,,A,,A,,A,,A
20171,03428044,3,0,1,D,09,D,2010,D,1,D,1,D,40,F,40,F,40,F,40,F,1,D,,A
20171,03428144,13,0,1,D,03,D,2015,D,2,D,1,D,78,F,78,F,78,F,78,F,2,D,,A
20171,03428164,15,0,1,D,01,D,2016,D,2,D,1,D,30,D,30,D,30,D,30,D,1,D,,A
20171,03428164,16,0,2,D,01,D,2016,D,2,D,1,D,30,D,30,D,30,D,30,D,1,D,,A
20171,03428384,15,0,1,D,12,D,2005,D,1,D,1,D,70,D,70,D,101,D,101,D,2,D,101,D
20171,03428404,5,0,1,D,,A,,A,,A,2,D,,A,,A,,A,,A,,A,,A
20171,03428434,8,0,2,D,02,D,2006,D,1,D,1,D,44,D,44,D,44,D,44,D,1,D,,A
20171,03428744,4,0,1,D,06,D,2006,D,2,D,,A,34,F,34,F,34,F,34,F,,A,,A
20171,03428944,16,0,1,D,11,D,2015,D,2,D,1,D,20,D,20,D,23,D,23,D,2,D,23,D
20171,03428944,17,0,2,D,07,D,2015,D,1,D,1,D,20,D,20,D,23,D,23,D,2,D,23,D
20171,03429064,10,0,1,D,12,D,2005,D,1,D,1,D,66,D,66,D,66,D,66,D,1,D,,A
20171,03429084,5,0,1,D,04,D,2016,D,1,D,1,D,14,F,14,F,14,F,14,F,1,D,,A
20171,03429204,6,0,1,D,01,D,2017,D,2,D,,A,63,D,63,D,,A,,A,,A,,A
20171,03440143,10,0,4,D,09,D,2016,D,1,D,,A,45,D,45,D,45,D,45,D,,A,,A
20171,03440333,11,0,1,D,01,D,2016,D,1,D,1,D,0,D,0,D,0,D,0,D,2,D,116,D
20171,03440333,12,0,2,D,01,D,2016,D,1,D,1,D,0,D,0,D,0,D,0,D,2,D,121,D
20171,03440383,13,0,2,D,08,D,2016,D,1,D,1,D,100,D,100,D,100,D,100,D,1,D,,A
20171,03440393,17,0,1,D,12,D,2014,D,2,D,1,D,122,D,122,D,122,D,122,D,1,D,,A
20171,03440393,18,0,2,D,08,D,2016,D,2,D,1,D,122,D,122,D,122,D,122,D,1,D,,A
20171,03440513,6,0,1,D,07,D,2011,D,1,D,1,D,48,D,48,D,48,D,48,D,1,D,,A
20171,03440533,8,0,1,D,01,D,2007,D,2,D,1,D,287,D,287,D,287,D,287,D,1,D,,A
20171,03440553,3,0,4,D,04,D,2010,D,2,D,1,D,0,D,0,D,0,D,0,D,2,D,0,D
20171,03440743,23,0,2,D,01,D,2006,D,1,D,1,D,290,F,290,F,290,F,290,F,2,D,,A
20171,03440883,4,0,1,D,,A,,A,,A,2,D,,A,,A,,A,,A,,A,,A
20171,03440893,11,0,1,D,12,D,2005,D,2,D,,A,18,D,18,D,18,D,18,D,,A,,A
20171,03440963,10,0,2,D,10,D,2010,D,1,D,1,D,40,F,40,F,40,F,40,F,1,D,,A
20171,03441023,22,0,1,D,,A,,A,,A,2,D,,A,,A,,A,,A,,A,,A
20171,03441023,23,0,2,D,,A,,A,,A,2,D,,A,,A,,A,,A,,A,,A
20171,03441193,5,0,1,D,12,D,2005,D,1,D,1,D,105,F,105,F,105,F,105,F,1,D,,A
20171,03441203,27,0,1,D,05,D,2016,D,2,D,1,D,35,D,35,D,35,D,35,D,1,D,,A
20171,03441593,6,0,1,D,09,D,2011,D,1,D,1,D,28,D,28,D,28,D,28,D,1,D,,A
20171,03441623,5,0,1,D,12,D,2005,D,2,D,1,D,0,D,0,D,0,D,0,D,1,D,,A
20171,03441623,6,0,2,D,12,D,2005,D,2,D,1,D,0,D,0,D,0,D,0,D,1,D,,A
20171,03441633,7,0,1,D,04,D,2016,D,1,F,1,D,104,F,104,F,104,F,104,F,,C,,A
20171,03441663,14,0,1,D,01,D,2015,D,2,D,1,D,68,D,68,D,68,D,68,D,1,D,,A
20171,03442003,5,0,1,D,12,D,2005,D,1,D,1,D,80,F,80,F,80,F,80,F,1,D,,A
20171,03442033,7,0,1,D,03,D,2009,D,2,D,1,D,12,F,12,F,12,F,12,F,1,D,,A
20171,03442223,7,0,1,D,06,D,2016,D,1,D,1,D,7,F,7,F,7,F,7,F,1,D,,A
20171,03442263,7,0,1,D,05,D,2016,D,1,F,1,D,15,F,15,F,15,F,15,F,1,D,,A
20171,03442283,7,0,1,D,03,D,2013,D,2,D,1,D,49,D,49,D,49,D,49,D,1,D,,A
20171,03442333,8,0,1,D,06,D,2008,D,1,D,1,D,80,F,80,F,80,F,80,F,2,D,,A
20171,03442333,9,0,2,D,02,D,2008,D,1,D,1,D,10,F,10,F,10,F,10,F,2,D,,A
20171,03442423,10,0,1,D,06,D,2016,D,1,D,1,D,18,F,18,F,18,F,17,F,1,D,17,F
20171,03442423,11,0,2,D,04,D,2016,D,1,D,1,D,50,F,50,F,50,F,50,F,1,D,27,F
20171,03442443,4,0,1,D,05,D,2016,D,1,D,1,D,12,D,12,D,12,D,12,D,2,D,10,D
20171,03442843,26,0,1,D,09,D,2010,D,1,D,1,D,50,D,50,D,50,D,50,D,2,D,27,D
20171,03442843,27,0,2,D,05,D,2010,D,1,D,1,D,50,D,50,D,50,D,50,D,2,D,27,D
20171,03442903,10,0,1,D,04,D,2016,D,1,D,1,D,65,F,65,F,65,F,65,F,1,D,,A
20171,03442953,10,0,1,D,12,D,2011,D,2,D,1,D,61,D,61,D,61,D,61,D,1,D,,A
20171,03442963,15,0,4,D,01,D,2008,D,1,D,1,D,30,F,30,F,30,F,30,F,1,D,,A
20171,03442983,8,0,1,D,09,D,2016,D,2,D,1,D,0,D,0,D,0,D,0,D,1,D,,A
20171,03443143,5,0,1,D,12,D,2005,D,2,D,1,D,0,D,0,D,0,D,0,D,1,D,,A
20171,03443143,6,0,2,D,12,D,2005,D,2,D,1,D,0,D,0,D,0,D,0,D,1,D,,A
20171,03443223,16,0,1,D,,A,,A,,A,2,D,,A,,A,,A,,A,,A,,A
20171,03443273,13,0,1,D,,A,,A,,A,2,D,,A,,A,,A,,A,,A,,A
20171,03443363,12,0,1,D,01,D,2017,D,1,D,,A,128,D,,A,,A,,A,,A,,A
20171,03443563,8,0,1,D,,A,2014,D,1,D,1,D,,C,,A,,A,,A,1,D,,A
20171,03443613,6,0,2,D,11,D,2008,D,1,D,1,D,198,D,198,D,198,D,198,D,1,D,,A
20171,03443663,7,0,1,D,12,D,2005,D,1,D,1,D,47,D,47,D,47,D,47,D,2,D,64,D
20171,03443673,36,0,1,D,04,D,2012,D,2,D,1,D,101,D,101,D,101,D,101,D,2,D,129,D
20171,03443673,37,0,2,D,03,D,2010,D,2,D,1,D,101,D,101,D,101,D,101,D,2,D,129,D
20171,03443703,5,0,1,D,04,D,2016,D,2,D,1,D,87,D,87,D,87,D,87,D,1,D,,A
20171,03443993,17,0,2,D,01,D,2016,D,1,D,1,D,18,D,18,D,18,D,18,D,2,D,17,D
20171,03444143,7,0,1,D,02,D,2011,D,2,D,1,D,54,D,54,D,54,D,54,D,2,D,67,D
20171,03444643,8,0,1,D,12,D,2005,D,1,D,1,D,60,F,60,F,60,F,60,F,1,D,,A
20171,03444693,5,0,1,D,06,D,2016,D,2,D,1,D,168,D,168,D,168,D,168,D,1,D,,A
20171,03444973,10,0,2,D,04,D,2015,D,1,D,1,D,36,D,36,D,36,D,36,D,1,D,,A
20171,03445023,7,0,1,D,,A,,A,,A,2,D,,A,,A,,A,,A,,A,,A
20171,03445043,12,0,1,D,09,D,2015,D,1,D,,A,109,D,109,D,109,D,109,D,,A,,A
20171,03445083,27,0,1,D,09,D,2014,D,2,D,,A,34,D,34,D,34,D,34,D,,A,,A
20171,03445083,28,0,2,D,04,D,2016,D,2,D,,A,34,D,34,D,34,D,34,D,,A,,A
20171,03445233,6,0,1,D,12,D,2005,D,1,D,1,D,37,F,37,F,37,F,37,F,1,D,,A
20171,03445463,17,0,1,D,12,D,2007,D,1,D,1,D,44,D,44,D,44,D,44,D,1,D,,A
20171,03445483,5,0,1,D,,A,,A,,A,2,D,,A,,A,,A,,A,,A,,A
20171,03445643,12,0,1,D,03,D,2012,D,1,D,1,D,106,F,106,F,106,F,106,F,1,D,,A
20171,03445643,13,0,2,D,01,D,2008,D,1,D,1,D,104,F,104,F,104,F,104,F,1,D,,A
20171,03445683,24,0,1,D,03,D,2012,D,1,D,1,D,104,D,104,D,104,D,104,D,1,D,,A
20171,03445683,25,0,2,D,06,D,2012,D,1,D,1,D,104,D,104,D,104,D,104,D,1,D,,A
20171,03445763,3,0,1,D,12,D,2005,D,1,F,1,D,163,F,163,F,163,F,163,F,1,D,,A
20171,03445763,4,0,2,D,12,D,2005,D,2,F,1,D,35,F,35,F,35,F,35,F,1,D,,A
20171,03445833,11,0,1,D,,A,,C,1,D,1,D,,C,,A,,A,,A,1,D,,A
20171,03445833,12,0,2,D,,A,,C,1,D,1,D,,C,,A,,A,,A,1,D,,A
20171,03445903,3,0,1,D,,A,,A,,A,2,D,,A,,A,,A,,A,,A,,A
20171,03446353,8,0,1,D,01,D,2016,D,2,D,,A,64,D,64,D,64,D,64,D,,A,,A
20171,03446403,7,0,1,D,,A,,A,,A,2,D,,A,,A,,A,,A,,A,,A
20171,03446453,8,0,2,D,12,D,2005,D,2,D,1,D,30,F,30,F,30,F,30,F,1,D,,A
20171,03446733,6,0,1,D,05,D,2013,D,2,D,1,D,52,F,52,F,52,F,52,F,1,D,,A
20171,03446733,7,0,2,D,05,D,2016,D,2,D,1,D,100,F,100,F,100,F,100,F,1,D,,A
20171,03446773,16,0,1,D,02,D,2010,D,1,D,1,D,100,F,100,F,100,F,100,F,1,D,,A
20171,03447123,9,0,1,D,01,D,2010,D,1,D,1,D,35,D,35,D,35,D,35,D,2,D,42,D
20171,03447123,10,0,2,D,05,D,2010,D,1,D,1,D,22,D,22,D,22,D,22,D,1,D,,A
20171,03447193,9,0,3,D,07,D,2012,D,1,D,1,D,168,F,168,F,168,F,168,F,1,D,,A
20171,03447333,26,0,2,D,12,D,2005,D,1,D,1,D,475,F,475,F,475,F,475,F,1,D,,A
20171,03447413,8,0,1,D,12,D,2005,D,2,D,1,D,39,D,39,D,39,D,39,D,1,D,,A
20171,03447493,17,0,1,D,03,D,2016,D,1,D,1,D,0,D,0,D,0,D,0,D,1,D,,A
20171,03447583,4,0,1,D,01,D,2015,D,2,D,1,D,28,F,28,F,28,F,28,F,1,D,,A
20171,03447963,10,0,1,D,08,D,2014,D,1,D,1,D,104,F,104,F,104,F,104,F,,C,,A
20171,03447993,6,0,1,D,04,D,2010,D,1,D,1,D,0,D,0,D,0,D,0,D,1,D,,A
20171,03447993,7,0,2,D,07,D,2010,D,1,D,1,D,228,D,228,D,228,D,228,D,1,D,,A
20171,03448013,4,0,1,D,08,D,2006,D,2,D,1,D,0,D,0,D,0,D,0,D,1,D,,A
20171,03448033,5,0,1,D,12,D,2005,D,1,D,1,D,104,D,104,D,104,D,104,D,1,D,,A
20171,03448114,8,0,1,D,08,D,2014,D,1,D,,A,28,F,28,F,28,F,38,F,,A,38,F
20171,03448114,9,0,2,D,01,D,2014,D,1,D,,A,63,F,63,F,63,F,63,F,,A,,A
20171,03448183,3,0,1,D,02,D,2016,D,2,D,,A,0,D,0,D,0,D,0,D,,A,,A
20171,03448183,4,0,2,D,02,D,2016,D,2,D,,A,0,D,0,D,0,D,0,D,,A,,A
20171,03448313,18,0,2,D,,A,,A,,A,2,D,,A,,A,,A,,A,,A,,A
20171,03448343,10,0,2,D,07,D,2016,D,1,D,1,D,100,D,100,D,100,D,100,D,1,D,,A
20171,03448483,7,0,1,D,10,D,2016,D,2,D,1,D,158,F,158,F,158,F,,A,1,D,,A
20171,03448583,9,0,2,D,10,D,2013,D,1,D,1,D,30,F,30,F,30,F,30,F,1,D,,A
20171,03448643,16,0,1,D,,A,,A,,A,2,D,,A,,A,,A,,A,,A,,A
20171,03448673,7,0,1,D,01,D,2014,D,1,D,1,D,365,F,365,F,365,F,365,F,1,D,,A
20171,03448723,8,0,2,D,01,D,2016,D,2,D,1,D,33,F,33,F,33,F,33,F,2,D,,A
20171,03448803,3,0,1,D,12,D,2005,D,1,D,1,D,20,D,20,D,20,D,20,D,1,D,,A
20171,03449043,10,0,1,D,01,D,2015,D,1,D,1,D,28,F,28,F,28,F,86,F,1,D,86,F
20171,03449043,11,0,2,D,08,D,2015,D,1,D,1,D,108,F,108,F,108,F,108,F,1,D,,A
20171,03449253,19,0,1,D,03,D,2010,D,2,F,1,D,73,D,73,D,73,D,73,D,1,D,,A
20171,03449273,6,0,1,D,,A,,A,,A,2,D,,A,,A,,A,,A,,A,,A
20171,03449273,7,0,2,D,,A,,A,,A,2,D,,A,,A,,A,,A,,A,,A
20171,03449343,12,0,1,D,12,D,2016,D,1,D,,A,,C,,A,,A,,A,,A,,A
20171,03449353,4,0,1,D,07,D,2016,D,1,D,1,D,30,F,30,F,30,F,30,F,1,D,,A
20171,03449413,5,0,1,D,09,D,2007,D,2,D,,A,35,D,35,D,35,D,35,D,,A,,A
20171,03449533,5,0,1,D,,A,2005,D,1,D,1,D,105,D,,A,,A,,A,1,D,,A
20171,03449613,5,0,1,D,,A,2007,D,1,D,1,D,0,D,,A,,A,,A,1,D,,A
20171,03449943,16,0,1,D,,A,,A,,A,2,D,,A,,A,,A,,A,,A,,A
20171,03450283,3,0,1,D,,A,,A,,A,2,D,,A,,A,,A,,A,,A,,A
20171,03450313,5,0,1,D,03,D,2016,D,1,D,1,D,25,F,25,F,25,F,25,F,1,D,,A
20171,03450373,13,0,1,D,07,D,2013,D,2,D,,A,121,D,121,D,121,D,121,D,,A,,A
20171,03450623,11,0,1,D,,A,,A,,A,2,D,,A,,A,,A,,A,,A,,A
20171,03450623,12,0,2,D,,A,,A,,A,2,D,,A,,A,,A,,A,,A,,A
20171,03450693,12,0,1,D,06,D,2009,D,1,D,1,D,120,D,120,D,120,D,120,D,1,D,,A
20171,03461083,10,0,1,D,12,D,2005,D,2,D,1,D,136,D,136,D,136,D,136,D,1,D,,A
20171,03461333,8,0,1,D,08,D,2008,D,1,D,1,D,38,D,38,D,38,D,38,D,1,D,,A
20171,03461393,14,0,1,D,06,D,2016,D,1,D,1,D,26,D,26,D,26,D,28,D,2,D,28,D
20171,03461423,9,0,1,D,06,D,2013,D,2,D,1,D,18,D,18,D,18,D,18,D,1,D,,A
20171,03461603,14,0,3,D,12,D,2005,D,1,D,1,D,40,D,40,D,40,D,40,D,,C,,A
20171,03461663,8,0,1,D,10,D,2015,D,1,D,1,D,100,F,100,F,100,F,100,F,1,D,,A
20171,03461793,5,0,1,D,09,D,2016,D,1,D,1,D,95,D,95,D,95,D,95,D,1,D,,A
20171,03461893,18,0,1,D,10,D,2016,D,1,D,1,D,30,F,30,F,30,F,30,F,1,D,,A
20171,03461893,19,0,2,D,10,D,2016,D,1,D,1,D,2,D,2,D,2,D,2,D,1,D,,A
20171,03461893,20,0,3,D,08,D,2016,D,2,D,1,D,0,D,0,D,0,D,0,D,1,D,,A
20171,03461983,8,0,1,D,11,D,2016,D,2,D,1,D,107,F,107,F,107,F,107,F,2,D,,A
20171,03462143,11,0,1,D,,A,,A,,A,2,D,,A,,A,,A,,A,,A,,A
20171,03462143,12,0,2,D,,A,,A,,A,2,D,,A,,A,,A,,A,,A,,A
20171,03462193,6,0,1,D,06,D,2016,D,1,D,1,D,25,F,25,F,25,F,25,F,1,D,,A
20171,03462193,7,0,2,D,07,D,2016,D,1,D,1,D,30,F,30,F,30,F,30,F,1,D,,A
20171,03462643,11,0,1,D,11,D,2016,D,1,D,1,D,218,F,218,F,218,F,,A,1,D,,A
20171,03462883,5,0,1,D,,A,,A,,A,2,D,,A,,A,,A,,A,,A,,A
20171,03462893,8,0,1,D,04,D,2008,D,1,D,1,D,10,D,10,D,10,D,10,D,1,D,,A
20171,03462963,3,0,1,D,10,D,2012,D,1,D,1,D,99,D,99,D,99,D,99,D,1,D,,A
20171,03462963,4,0,2,D,08,D,2013,D,1,D,1,D,99,D,99,D,99,D,99,D,1,D,,A
20171,03463253,7,0,1,D,02,D,2017,D,1,F,,A,,C,,A,,A,,A,,A,,A
20171,03463253,8,0,2,D,01,D,2017,D,1,F,,A,,C,,A,,A,,A,,A,,A
20171,03463343,12,0,1,D,10,D,2016,D,2,D,1,D,45,F,45,F,45,F,45,F,1,D,,A
20171,03463393,16,0,2,D,07,D,2016,D,1,D,1,D,104,D,104,D,104,D,104,D,1,D,,A
20171,03463753,18,0,1,D,08,D,2016,D,1,D,1,D,35,F,35,F,35,F,35,F,1,D,,A
20171,03463753,19,0,2,D,06,D,2016,D,1,D,1,D,60,F,60,F,60,F,60,F,1,D,,A
20171,03463833,8,0,1,D,01,D,2017,D,1,D,,A,,C,,A,,A,,A,,A,,A
20171,03463923,10,0,1,D,09,D,2010,D,2,D,1,D,27,D,27,D,27,D,27,D,1,D,,A
20171,03464073,9,0,2,D,01,D,2017,D,1,F,,A,,C,,A,,A,,A,,A,,A
20171,03464123,5,0,1,D,,A,,A,,A,2,D,,A,,A,,A,,A,,A,,A
20171,03464123,6,0,2,D,,A,,A,,A,2,D,,A,,A,,A,,A,,A,,A
20171,03464133,8,0,2,D,,A,,A,,A,2,D,,A,,A,,A,,A,,A,,A
20171,03464153,16,0,1,D,01,D,2013,D,1,D,1,D,18,F,18,F,18,F,18,F,1,D,,A
20171,03464193,3,0,1,D,03,D,2015,D,2,D,1,D,0,D,0,D,0,D,0,D,2,D,0,D
20171,03464303,6,0,1,D,03,D,2015,D,2,D,1,D,18,D,18,D,18,D,17,D,2,D,17,D
20171,03464303,7,0,2,D,06,D,2015,D,2,D,1,D,18,D,18,D,18,D,17,D,2,D,17,D
20171,03464573,10,0,1,D,05,D,2015,D,1,D,1,D,35,F,35,F,35,F,35,F,1,D,,A
20171,03464583,11,0,1,D,09,D,2015,D,1,D,1,D,0,D,0,D,0,D,0,D,1,D,,A
20171,03464583,12,0,2,D,02,D,2015,D,1,D,1,D,0,D,0,D,0,D,0,D,1,D,,A
20171,03464733,6,0,1,D,,A,,A,,A,2,D,,A,,A,,A,,A,,A,,A
20171,03464913,5,0,1,D,09,D,2013,D,2,D,,A,60,D,60,D,60,D,60,D,,A,,A
20171,03464913,6,0,2,D,01,D,2013,D,2,D,,A,60,D,60,D,60,D,60,D,,A,,A
20171,03465033,16,0,2,D,12,D,2013,D,1,D,1,D,36,D,36,D,36,D,36,D,1,D,,A
20171,03465083,13,0,1,D,08,D,2016,D,1,D,1,D,100,F,100,F,100,F,100,F,1,D,,A
20171,03465133,8,0,2,D,03,D,2011,D,2,D,1,D,210,F,210,F,210,F,210,F,1,D,,A
20171,03465203,12,0,1,D,12,D,2005,D,1,D,1,D,144,F,144,F,144,F,144,F,1,D,,A
20171,03465553,26,0,1,D,04,D,2014,D,1,D,,A,17,D,17,D,17,D,17,D,,A,,A
20171,03465553,27,0,2,D,03,D,2014,D,1,D,,A,17,D,17,D,17,D,17,D,,A,,A
20171,03465603,22,0,3,D,05,D,2006,D,2,D,1,D,0,D,0,D,0,D,0,D,1,D,,A
20171,03465683,7,0,1,D,09,D,2016,D,1,D,1,D,20,F,20,F,27,F,27,F,1,D,27,F
20171,03465823,8,0,1,D,07,D,2009,D,1,D,1,D,40,D,40,D,40,D,49,D,2,D,49,D
20171,03465993,11,0,1,D,01,D,2017,D,2,D,,A,,C,,A,,A,,A,,A,,A
20171,03466013,14,0,1,D,01,D,2007,D,1,D,1,D,26,D,26,D,26,D,26,D,1,D,,A
20171,03466243,15,0,1,D,07,D,2010,D,1,D,1,D,0,D,0,D,0,D,0,D,1,D,,A
20171,03466333,7,0,1,D,08,D,2016,D,2,D,1,D,0,D,0,D,0,D,0,D,1,D,,A
20171,03466353,6,0,1,D,,A,,A,,A,2,D,,A,,A,,A,,A,,A,,A
20171,03466453,16,0,1,D,01,D,2008,D,1,D,1,D,54,F,54,F,54,F,54,F,1,D,,A
20171,03466453,17,0,2,D,10,D,2010,D,1,D,1,D,51,F,51,F,51,F,51,F,1,D,,A
20171,03466563,7,0,2,D,06,D,2016,D,2,D,1,D,120,D,120,D,120,D,120,D,1,D,,A
20171,03466563,8,0,3,D,07,D,2012,D,1,D,1,D,0,D,0,D,0,D,0,D,1,D,,A
20171,03466683,27,0,1,D,02,D,2017,D,2,D,,A,0,D,,A,,A,,A,,A,,A
20171,03466773,38,0,1,D,06,D,2015,D,2,D,1,D,21,D,21,D,21,D,28,D,2,D,28,D
20171,03466973,10,0,1,D,01,D,2014,D,2,D,1,D,18,D,18,D,18,D,15,D,2,D,15,D
20171,03466973,11,0,2,D,02,D,2015,D,2,D,1,D,63,D,63,D,63,D,63,D,1,D,,A
20171,03467543,13,0,1,D,07,D,2007,D,1,D,1,D,19,D,19,D,19,D,19,D,1,D,,A
20171,03467703,8,0,1,D,01,D,2007,D,1,D,1,D,30,F,30,F,78,F,78,F,1,D,78,F
20171,03468353,20,0,1,D,10,D,2013,D,2,D,1,D,31,D,31,D,31,D,33,D,2,D,33,D
20171,03468423,6,0,1,D,11,D,2016,D,1,D,,A,109,D,109,D,109,D,,A,,A,,A
20171,03468573,10,0,1,D,04,D,2011,D,1,D,1,D,17,D,17,D,17,D,17,D,1,D,,A
20171,03468673,14,0,2,D,04,D,2013,D,1,D,1,D,86,D,86,D,86,D,86,D,1,D,,A
20171,03469093,30,0,2,D,,A,,A,,A,2,D,,A,,A,,A,,A,,A,,A
20171,03469123,4,0,1,D,,A,,A,,A,2,D,,A,,A,,A,,A,,A,,A
20171,03469183,5,0,1,D,03,D,2010,D,2,D,1,D,0,D,0,D,0,D,0,D,1,D,,A
20171,03469393,4,0,1,D,07,D,2016,D,1,D,1,D,30,D,30,D,30,D,30,D,1,D,,A
20171,03469413,8,0,1,D,,A,,A,,A,2,D,,A,,A,,A,,A,,A,,A
20171,03469413,9,0,2,D,,A,,A,,A,2,D,,A,,A,,A,,A,,A,,A
20171,03469723,11,0,1,D,07,D,2016,D,1,D,1,D,198,F,198,F,198,F,198,F,1,D,,A
20171,03469823,3,0,1,D,12,D,2005,D,1,D,1,D,100,D,100,D,100,D,100,D,1,D,,A
20171,03470553,11,0,1,D,07,D,2016,D,2,D,1,D,104,F,104,F,104,F,104,F,1,D,,A
20171,03470643,15,0,1,D,10,D,2010,D,2,D,,A,69,D,69,D,69,D,69,D,,A,,A
20171,03470643,16,0,2,D,07,D,2013,D,2,D,,A,69,D,69,D,69,D,69,D,,A,,A
20171,03470653,25,0,1,D,09,D,2015,D,1,D,1,D,66,F,66,F,66,F,66,F,1,D,,A
20171,03470653,26,0,2,D,02,D,2015,D,1,D,1,D,108,F,108,F,108,F,108,F,1,D,,A
20171,03470673,11,0,1,D,10,D,2016,D,2,D,1,D,29,D,29,D,29,D,29,D,1,D,,A
20171,03471053,13,0,1,D,01,D,2015,D,1,D,1,D,59,D,59,D,59,D,70,D,2,D,70,D
20171,03471053,14,0,2,D,07,D,2013,D,1,D,1,D,54,D,54,D,54,D,71,D,2,D,71,D
20171,03471153,8,0,1,D,01,D,2013,D,2,D,1,D,50,F,50,F,50,F,50,F,2,D,,A
20171,03471153,9,0,2,D,04,D,2013,D,2,D,1,D,68,F,68,F,68,F,68,F,2,D,,A
20171,03471213,6,0,1,D,12,D,2005,D,1,D,1,D,17,F,17,F,17,F,17,F,1,D,,A
20171,03471213,7,0,2,D,12,D,2005,D,1,D,1,D,107,F,107,F,107,F,107,F,1,D,,A
20171,03471223,8,0,1,D,05,D,2016,D,2,D,1,D,63,D,63,D,63,D,70,D,2,D,70,D
20171,03492083,4,0,1,D,11,D,2013,D,1,D,,A,40,F,40,F,40,F,40,F,,A,,A
20171,03492223,6,0,1,D,12,D,2016,D,1,D,,A,109,F,109,F,109,F,,A,,A,,A
20171,03492234,6,0,1,D,,A,,A,,A,2,D,,A,,A,,A,,A,,A,,A
20171,03492253,4,0,1,D,11,D,2016,D,1,D,1,D,0,D,0,D,0,D,0,D,1,D,,A
20171,03492273,10,0,1,D,10,D,2006,D,2,D,1,D,59,D,59,D,59,D,59,D,1,D,,A
20171,03492273,11,0,2,D,01,D,2007,D,2,D,1,D,59,D,59,D,59,D,59,D,1,D,,A
20171,03492323,26,0,2,D,,A,,A,,A,2,D,,A,,A,,A,,A,,A,,A
20171,03492643,5,0,1,D,09,D,2016,D,1,D,1,D,129,D,129,D,129,D,129,D,1,D,,A
20171,03492733,5,0,1,D,07,D,2016,D,1,D,1,D,0,D,0,D,0,D,0,D,1,D,,A
20171,03492733,6,0,2,D,06,D,2016,D,1,D,1,D,0,D,0,D,0,D,0,D,1,D,,A
20171,03492743,4,0,1,D,08,D,2016,D,2,D,1,D,10,D,10,D,10,D,10,D,1,D,,A
20171,03492783,8,0,1,D,,A,,A,,A,2,D,,A,,A,,A,,A,,A,,A
20171,03492843,9,0,1,D,12,D,2005,D,1,D,1,D,10,F,10,F,10,F,10,F,1,D,,A
20171,03492903,16,0,1,D,08,D,2016,D,1,D,1,D,66,F,66,F,66,F,66,F,1,D,,A
20171,03492903,17,0,2,D,08,D,2016,D,1,D,1,D,16,F,16,F,16,F,16,F,1,D,,A
20171,03492943,3,0,1,D,05,D,2014,D,1,D,1,D,105,D,105,D,105,D,105,D,1,D,,A
20171,03493293,4,0,1,D,08,D,2013,D,2,D,1,D,475,F,475,F,475,F,475,F,1,D,,A
20171,03493853,10,0,1,D,12,D,2005,D,1,D,1,D,35,D,35,D,35,D,35,D,1,D,,A
20171,03493853,11,0,2,D,12,D,2005,D,1,D,1,D,39,D,39,D,39,D,39,D,1,D,,A
20171,03493913,5,0,1,D,,A,,A,,A,2,D,,A,,A,,A,,A,,A,,A
20171,03493983,5,0,1,D,,A,,A,,A,2,D,,A,,A,,A,,A,,A,,A
20171,03494283,10,0,1,D,12,D,2006,D,1,D,1,D,20,D,20,D,20,D,20,D,1,D,,A
20171,03494423,3,0,1,D,,A,2014,D,1,D,1,D,31,D,,A,,A,,A,2,D,31,D
20171,03494423,4,0,2,D,,A,2014,D,1,D,1,D,31,D,,A,,A,,A,2,D,31,D
20171,03494443,8,0,3,D,01,D,2014,D,2,D,,A,0,D,0,D,0,D,0,D,,A,,A
20171,03494443,9,0,4,D,06,D,2016,D,2,D,,A,0,D,0,D,0,D,0,D,,A,,A
20171,03494533,21,0,2,D,11,D,2015,D,2,D,1,D,0,D,0,D,0,D,0,D,1,D,,A
20171,03494673,16,0,1,D,10,D,2013,D,1,D,1,D,27,D,27,D,27,D,27,D,1,D,,A
20171,03494673,17,0,2,D,01,D,2013,D,2,D,1,D,55,D,55,D,55,D,55,D,1,D,,A
20171,03494713,7,0,2,D,12,D,2005,D,2,F,1,D,0,D,0,D,0,D,0,D,2,D,0,D
20171,03494743,5,0,1,D,01,D,2014,D,1,D,1,D,63,F,63,F,63,F,61,F,1,D,61,F
20171,03494743,6,0,2,D,03,D,2016,D,1,D,1,D,20,F,20,F,20,F,20,F,1,D,,A
20171,03494793,8,0,1,D,,A,,A,,A,2,D,,A,,A,,A,,A,,A,,A
20171,03494793,9,0,2,D,,A,,A,,A,2,D,,A,,A,,A,,A,,A,,A
20171,03494853,14,0,1,D,03,D,2015,D,2,D,1,D,104,D,104,D,104,D,104,D,1,D,,A
20171,03494853,15,0,2,D,01,D,2015,D,2,D,1,D,104,D,104,D,104,D,104,D,1,D,,A
20171,03495113,10,0,1,D,12,D,2005,D,1,D,1,D,24,D,24,D,24,D,24,D,1,D,,A
20171,03495113,11,0,2,D,12,D,2005,D,1,D,1,D,24,D,24,D,24,D,24,D,1,D,,A
20171,03495173,9,0,1,D,01,D,2012,D,1,D,1,D,33,F,33,F,33,F,33,F,1,D,,A
20171,03495173,10,0,2,D,01,D,2014,D,1,D,1,D,100,F,100,F,100,F,100,F,1,D,,A
20171,03495183,3,0,1,D,,A,,A,,A,2,D,,A,,A,,A,,A,,A,,A
20171,03495183,4,0,2,D,,A,,A,,A,2,D,,A,,A,,A,,A,,A,,A
20171,03495243,3,0,1,D,12,D,2005,D,2,D,1,D,0,D,0,D,0,D,0,D,1,D,,A
20171,03495273,5,0,2,D,01,D,2012,D,2,D,1,D,0,D,0,D,0,D,0,D,1,D,,A
20171,03495293,11,0,1,D,12,D,2005,D,1,D,1,D,94,D,94,D,94,D,94,D,1,D,,A
20171,03495293,12,0,2,D,12,D,2005,D,1,D,1,D,98,D,98,D,98,D,98,D,1,D,,A
20171,03495333,6,0,1,D,12,D,2005,D,1,D,1,D,110,F,110,F,110,F,110,F,2,D,,A
20171,03495563,19,0,1,D,09,D,2016,D,1,D,1,D,0,D,0,D,0,D,0,D,1,D,,A
20171,03495673,15,0,2,D,04,D,2016,D,1,D,1,D,33,D,33,D,37,D,37,D,2,D,37,D
20171,03495693,11,0,1,D,08,D,2012,D,2,D,1,D,115,F,115,F,115,F,115,F,1,D,,A
20171,03496003,15,0,1,D,12,D,2015,D,2,D,1,D,10,F,10,F,10,F,10,F,1,D,,A
20171,03496093,9,0,1,D,02,D,2010,D,1,D,1,D,50,F,50,F,50,F,50,F,1,D,,A
20171,03496123,15,0,1,D,01,D,2008,D,1,D,1,D,60,F,60,F,60,F,60,F,1,D,,A
20171,03496123,16,0,2,D,12,D,2008,D,1,D,1,D,120,F,120,F,120,F,120,F,1,D,,A
20171,03496353,10,0,1,D,,A,,A,,A,2,D,,A,,A,,A,,A,,A,,A
20171,03496353,11,0,2,D,,A,,A,,A,2,D,,A,,A,,A,,A,,A,,A
20171,03496573,6,0,1,D,01,D,2008,D,1,D,1,D,104,D,104,D,104,D,104,D,1,D,,A
20171,03496583,3,0,1,D,12,D,2005,D,1,D,1,D,0,D,0,D,0,D,0,D,,C,,A
20171,03496583,4,0,2,D,12,D,2005,D,1,D,1,D,0,D,0,D,0,D,0,D,,C,,A
20171,03496613,23,0,2,D,01,D,2015,D,1,F,1,D,201,D,201,D,201,D,201,D,1,D,,A
20171,03496863,3,0,6,D,07,D,2016,D,2,D,1,D,0,D,0,D,0,D,0,D,1,D,,A
20171,03496863,4,0,7,D,08,D,2016,D,2,D,1,D,0,D,0,D,0,D,0,D,1,D,,A
20171,03496953,5,0,1,D,03,D,2017,D,2,D,,A,,C,,A,,A,,A,,A,,A
20171,03497023,19,0,1,D,01,D,2016,D,2,D,1,D,30,D,30,D,78,D,78,D,2,D,78,D
20171,03497113,3,0,1,D,08,D,2016,D,2,D,1,D,0,D,0,D,0,D,0,D,1,D,,A
20171,03497233,8,0,3,D,01,D,2012,D,1,D,1,D,45,F,45,F,45,F,45,F,,C,,A
20171,03497373,8,0,1,D,01,D,2009,D,1,D,1,D,50,D,50,D,50,D,50,D,1,D,,A
20171,03497373,9,0,2,D,01,D,2009,D,1,D,1,D,50,D,50,D,50,D,50,D,1,D,,A
20171,03497393,5,0,1,D,03,D,2016,D,2,D,1,D,120,D,120,D,120,D,120,D,1,D,,A
20171,03497433,6,0,1,D,06,D,2010,D,2,F,1,D,0,D,0,D,0,D,0,D,1,D,,A
20171,03497643,10,0,1,D,,A,,A,,A,2,D,,A,,A,,A,,A,,A,,A
20171,03497943,13,0,1,D,06,D,2016,D,1,D,,A,36,F,36,F,36,F,36,F,,A,,A
20171,03498073,8,0,1,D,07,D,2016,D,1,D,1,D,82,F,82,F,82,F,82,F,1,D,,A
20171,03498093,14,0,1,D,02,D,2017,D,1,D,,A,0,D,,A,,A,,A,,A,,A
20171,03498093,15,0,2,D,02,D,2017,D,1,D,,A,0,D,,A,,A,,A,,A,,A
20171,03498293,27,0,1,D,02,D,2017,D,2,D,,A,10,D,,A,,A,,A,,A,,A
20171,03498593,12,0,2,D,11,D,2015,D,1,D,1,D,40,D,40,D,40,D,40,D,1,D,,A
20171,03498743,15,0,2,D,12,D,2014,D,2,D,1,D,18,D,18,D,17,D,17,D,2,D,17,D
20171,03498883,8,0,1,D,12,D,2005,D,1,D,1,D,104,D,104,D,105,D,105,D,2,D,105,D
20171,03499073,9,0,1,D,12,D,2005,D,2,D,1,D,0,D,0,D,0,D,0,D,1,D,,A
20171,03499073,10,0,2,D,12,D,2005,D,2,D,1,D,0,D,0,D,0,D,0,D,1,D,,A
20171,03499453,10,0,1,D,12,D,2005,D,1,D,,A,33,D,33,D,33,D,33,D,,A,,A
20171,03499463,3,0,1,D,09,D,2015,D,1,D,1,D,33,D,33,D,33,D,33,D,1,D,,A
20171,03499473,22,0,2,D,08,D,2016,D,1,D,1,D,11,F,11,F,11,F,11,F,1,D,,A
20171,03499533,5,0,6,D,,A,,A,,A,2,D,,A,,A,,A,,A,,A,,A
20171,03499533,6,0,7,D,,A,,A,,A,2,D,,A,,A,,A,,A,,A,,A
20171,03499603,4,0,1,D,02,D,2009,D,1,D,1,D,70,D,70,D,70,D,70,D,1,D,,A
20171,03499603,5,0,2,D,05,D,2009,D,1,D,1,D,70,D,70,D,70,D,70,D,1,D,,A
20171,03499733,6,0,1,D,07,D,2016,D,1,D,1,D,45,F,45,F,45,F,45,F,1,D,,A
20171,03499793,13,0,1,D,12,D,2005,D,2,D,1,D,23,D,23,D,30,D,30,D,2,D,30,D
20171,03499903,13,0,1,D,09,D,2013,D,1,D,1,D,57,F,57,F,57,F,57,F,2,D,,A
20171,03499903,14,0,2,D,01,D,2010,D,1,D,1,D,34,F,34,F,34,F,34,F,2,D,,A
20171,03499963,13,0,1,D,10,D,2015,D,2,D,1,D,58,D,58,D,58,D,58,D,1,D,,A
20171,03499993,11,0,1,D,11,D,2010,D,1,D,1,D,0,D,0,D,0,D,0,D,1,D,,A
20171,03500133,12,0,1,D,01,D,2016,D,2,D,1,D,33,D,33,D,33,D,33,D,1,D,,A
20171,03500163,20,0,1,D,09,D,2016,D,1,D,1,D,40,D,40,D,75,D,75,D,2,D,75,D
20171,03500183,4,0,2,D,,A,,A,,A,2,D,,A,,A,,A,,A,,A,,A
20171,03500303,3,0,1,D,12,D,2005,D,1,D,1,D,60,D,60,D,60,D,60,D,1,D,,A
20171,03500303,4,0,2,D,04,D,2007,D,1,D,1,D,45,D,45,D,45,D,45,D,1,D,,A
20171,03500363,7,0,1,D,09,D,2012,D,2,D,1,D,58,D,58,D,74,D,74,D,2,D,74,D
20171,03500493,17,0,2,D,03,D,2010,D,1,D,1,D,52,D,52,D,52,D,52,D,1,D,,A
20171,03500733,18,0,1,D,03,D,2017,D,2,D,,A,105,D,,A,,A,,A,,A,,A
20171,03500733,19,0,2,D,03,D,2017,D,2,D,,A,105,D,,A,,A,,A,,A,,A
20171,03501053,20,0,1,D,07,D,2014,D,1,D,1,D,50,D,50,D,50,D,50,D,1,D,,A
20171,03501053,21,0,2,D,01,D,2015,D,1,D,1,D,35,D,35,D,35,D,35,D,1,D,,A
20171,03501063,12,0,1,D,,A,,A,,A,2,D,,A,,A,,A,,A,,A,,A
20171,03501143,5,0,1,D,12,D,2005,D,2,D,,A,29,D,29,D,29,D,29,D,,A,,A
20171,03501143,6,0,2,D,12,D,2005,D,2,D,,A,24,D,24,D,24,D,24,D,,A,,A
20171,03501373,9,0,1,D,07,D,2016,D,2,D,1,D,115,F,115,F,115,F,115,F,1,D,,A
20171,03501723,5,0,5,D,12,D,2005,D,2,D,1,D,0,D,0,D,0,D,0,D,1,D,,A
20171,03501723,6,0,6,D,11,D,2008,D,2,D,1,D,25,D,25,D,25,D,25,D,2,D,0,D
20171,03501723,7,0,7,D,11,D,2016,D,2,D,1,D,0,D,0,D,0,D,0,D,1,D,,A
20171,03501733,5,0,1,D,,A,2014,D,2,F,1,D,,C,,A,,A,,A,,C,,A
20171,03501753,4,0,1,D,01,D,2014,D,1,D,1,D,0,D,0,D,109,D,109,D,2,D,109,D
20171,03501873,9,0,1,D,12,D,2005,D,1,F,,A,42,F,42,F,42,F,42,F,,A,47,F
20171,03501933,6,0,1,D,01,D,2017,D,1,F,,A,60,F,60,F,,A,,A,,A,,A
20171,03502103,7,0,1,D,08,D,2013,D,2,D,1,D,0,D,0,D,0,D,0,D,1,D,,A
20171,03502173,6,0,2,D,12,D,2005,D,2,D,1,D,0,D,0,D,0,D,0,D,1,D,,A
20171,03502243,11,0,1,D,01,D,2015,D,1,D,1,D,18,D,18,D,22,D,22,D,2,D,22,D
20171,03502253,5,0,1,D,11,D,2016,D,1,D,1,D,35,F,35,F,35,F,35,F,1,D,,A
20171,03502253,6,0,2,D,09,D,2016,D,1,D,1,D,140,F,140,F,140,F,140,F,1,D,,A
20171,03502583,3,0,1,D,06,D,2016,D,1,D,1,D,139,F,139,F,139,F,139,F,2,D,,A
20171,03502583,4,0,2,D,07,D,2016,D,1,D,1,D,50,F,50,F,50,F,50,F,2,D,,A
20171,03502952,5,0,1,D,01,D,2015,D,1,D,,A,67,F,67,F,67,F,67,F,,A,,A
20171,03503052,4,0,1,D,10,D,2016,D,2,F,1,D,260,F,260,F,260,F,,A,1,D,,A
20171,03503052,5,0,2,D,07,D,2016,D,2,F,1,D,35,F,35,F,35,F,35,F,1,D,,A
20171,03503062,9,0,1,D,06,D,2010,D,1,D,1,D,0,D,0,D,0,D,0,D,1,D,,A
20171,03503172,4,0,1,D,08,D,2010,D,2,D,1,D,40,D,40,D,40,D,40,D,1,D,,A
20171,03503172,5,0,2,D,05,D,2010,D,2,D,1,D,14,D,14,D,14,D,14,D,1,D,,A
20171,03503342,4,0,2,D,06,D,2013,D,1,D,1,D,110,D,110,D,110,D,110,D,1,D,,A
20171,03503562,5,0,1,D,01,D,2011,D,1,D,,A,52,F,52,F,52,F,52,F,,A,,A
20171,03503562,6,0,2,D,11,D,2011,D,1,D,,A,15,F,15,F,15,F,15,F,,A,,A
20171,03503762,7,0,1,D,12,D,2005,D,2,D,1,D,107,D,107,D,107,D,107,D,1,D,,A
20171,03503802,28,0,1,D,08,D,2008,D,2,D,,A,17,D,17,D,17,D,17,D,,A,,A
20171,03503902,6,0,1,D,09,D,2008,D,1,D,1,D,100,D,100,D,100,D,100,D,1,D,,A
20171,03503902,7,0,2,D,04,D,2008,D,1,D,1,D,100,D,100,D,100,D,100,D,1,D,,A
20171,03504042,10,0,1,D,12,D,2007,D,1,D,1,D,40,F,40,F,75,F,75,F,1,D,75,F
20171,03504042,11,0,2,D,06,D,2007,D,1,D,1,D,140,F,140,F,140,F,140,F,1,D,,A
20171,03504402,18,0,4,D,12,D,2005,D,2,D,1,D,22,D,22,D,22,D,22,D,1,D,,A
20171,03504542,6,0,2,D,11,D,2016,D,2,F,,A,0,D,0,D,,A,,A,,A,,A
20171,03504572,7,0,1,D,05,D,2011,D,2,D,1,D,0,D,0,D,0,D,0,D,1,D,,A
20171,03504662,5,0,1,D,12,D,2014,D,2,D,1,D,0,D,0,D,0,D,0,D,1,D,,A
20171,03504742,3,0,1,D,07,D,2010,D,1,D,1,D,0,D,0,D,0,D,0,D,1,D,,A
20171,03504752,18,0,1,D,07,D,2016,D,1,D,1,D,30,D,30,D,30,D,30,D,1,D,,A
20171,03504752,19,0,2,D,03,D,2011,D,2,D,1,D,18,D,18,D,18,D,18,D,1,D,,A
20171,03504832,4,0,1,D,,A,,A,,A,2,D,,A,,A,,A,,A,,A,,A
20171,03504932,3,0,1,D,03,D,2014,D,1,D,1,D,23,D,23,D,23,D,23,D,1,D,,A
20171,03505082,15,0,2,D,,A,,A,,A,2,D,,A,,A,,A,,A,,A,,A
20171,03505222,7,0,1,D,11,D,2015,D,2,D,1,D,115,D,115,D,115,D,115,D,1,D,,A
20171,03505362,7,0,2,D,11,D,2014,D,1,D,1,D,110,D,110,D,110,D,110,D,1,D,,A
20171,03505392,9,0,1,D,08,D,2011,D,2,D,1,D,142,D,142,D,142,D,142,D,1,D,,A
20171,03505402,10,0,1,D,12,D,2009,D,2,D,1,D,44,F,44,F,44,F,44,F,1,D,,A
20171,03505532,11,0,2,D,10,D,2009,D,1,D,,A,110,D,110,D,110,D,110,D,,A,,A
20171,03505632,15,0,1,D,01,D,2006,D,1,D,,A,122,F,122,F,122,F,122,F,,A,,A
20171,03505762,12,0,1,D,,A,,A,,A,2,D,,A,,A,,A,,A,,A,,A
20171,03505762,13,0,2,D,,A,,A,,A,2,D,,A,,A,,A,,A,,A,,A
20171,03505762,14,0,3,D,,A,,A,,A,2,D,,A,,A,,A,,A,,A,,A
20171,03505782,14,0,1,D,,A,,A,,A,2,D,,A,,A,,A,,A,,A,,A
20171,03505842,5,0,1,D,12,D,2016,D,1,F,,A,,C,,A,,A,,A,,A,,A
20171,03505842,6,0,2,D,10,D,2016,D,1,D,,A,400,F,400,F,400,F,,A,,A,,A
20171,03506032,14,0,1,D,10,D,2015,D,1,D,1,D,0,D,0,D,0,D,0,D,1,D,,A
20171,03506032,15,0,2,D,10,D,2011,D,1,D,1,D,0,D,0,D,0,D,0,D,1,D,,A
20171,03506142,15,0,1,D,12,D,2005,D,2,D,1,D,0,D,0,D,0,D,0,D,1,D,,A
20171,03506142,16,0,2,D,12,D,2005,D,2,D,1,D,0,D,0,D,0,D,0,D,1,D,,A
20171,03506222,4,0,1,D,07,D,2016,D,1,F,1,D,11,F,11,F,11,F,11,F,1,D,,A
20171,03506282,7,0,1,D,09,D,2016,D,2,D,1,D,0,D,0,D,0,D,0,D,1,D,,A
20171,03506282,8,0,2,D,10,D,2016,D,1,D,1,D,69,F,69,F,69,F,,A,1,D,,A
20171,03506612,10,0,2,D,03,D,2013,D,1,D,1,D,0,D,0,D,0,D,0,D,1,D,,A
20171,03506772,9,0,1,D,01,D,2010,D,2,D,1,D,30,D,30,D,30,D,30,D,2,D,35,D
20171,03506782,14,0,1,D,12,D,2005,D,2,D,1,D,0,D,0,D,0,D,0,D,1,D,,A
20171,03506782,15,0,2,D,12,D,2005,D,2,D,1,D,0,D,0,D,0,D,0,D,1,D,,A
20171,03506872,11,0,1,D,12,D,2005,D,2,D,1,D,25,D,25,D,25,D,25,D,1,D,,A
20171,03506872,12,0,4,D,10,D,2016,D,1,D,1,D,218,F,218,F,218,F,,A,1,D,,A
20171,03507082,10,0,1,D,12,D,2005,D,1,D,1,D,0,D,0,D,0,D,0,D,1,D,,A
20171,03507092,13,0,1,D,07,D,2015,D,1,D,1,D,22,D,22,D,22,D,22,D,1,D,,A
20171,03507232,14,0,2,D,11,D,2016,D,2,D,,A,99,D,99,D,,A,,A,,A,,A
20171,03507362,14,0,1,D,01,D,2016,D,1,D,1,D,37,D,37,D,37,D,37,D,1,D,,A
20171,03507362,15,0,2,D,01,D,2016,D,1,D,1,D,37,D,37,D,37,D,37,D,2,D,51,D
20171,03507392,15,0,1,D,09,D,2016,D,1,D,1,D,69,F,69,F,69,F,69,F,2,D,,A
20171,03507392,16,0,2,D,08,D,2016,D,1,D,1,D,40,F,40,F,40,F,40,F,2,D,,A
20171,03507432,5,0,1,D,04,D,2014,D,2,D,,A,17,D,17,D,17,D,17,D,,A,,A
20171,03507544,11,0,1,D,09,D,2016,D,2,D,1,D,0,D,0,D,0,D,0,D,1,D,,A
20171,03507692,14,0,1,D,08,D,2006,D,2,D,,A,17,D,17,D,17,D,17,D,,A,,A
20171,03507692,15,0,2,D,07,D,2008,D,2,D,,A,17,D,17,D,17,D,17,D,,A,,A
20171,03507912,9,0,1,D,12,D,2005,D,1,D,1,D,31,F,31,F,31,F,33,F,1,D,33,F
20171,03507962,10,0,1,D,12,D,2005,D,2,D,,A,70,F,70,F,101,F,101,F,,A,101,F
20171,03507962,11,0,2,D,12,D,2005,D,2,D,,A,70,F,70,F,70,F,70,F,,A,,A
20171,03508032,5,0,1,D,10,D,2016,D,1,D,1,D,100,F,100,F,100,F,,A,1,D,,A
20171,03508082,20,0,1,D,11,D,2010,D,1,D,1,D,25,D,25,D,25,D,25,D,1,D,,A
20171,03508122,5,0,1,D,07,D,2016,D,2,D,1,D,0,D,0,D,0,D,0,D,1,D,,A
20171,03508432,4,0,1,D,09,D,2016,D,1,D,1,D,0,D,0,D,0,D,0,D,1,D,,A
20171,03508432,5,0,2,D,10,D,2016,D,1,D,1,D,0,D,0,D,0,D,,A,1,D,,A
20171,03508692,9,0,1,D,02,D,2014,D,1,D,1,D,215,D,215,D,215,D,215,D,1,D,,A
20171,03508692,10,0,2,D,01,D,2013,D,1,D,1,D,215,D,215,D,215,D,215,D,1,D,,A
20171,03508792,11,0,1,D,01,D,2015,D,1,D,1,D,125,D,125,D,125,D,125,D,2,D,140,D
20171,03508792,12,0,2,D,06,D,2011,D,1,D,1,D,137,D,137,D,137,D,137,D,2,D,157,D
20171,03508852,6,0,1,D,10,D,2006,D,1,D,1,D,50,D,50,D,50,D,50,D,1,D,,A
20171,03508872,9,0,1,D,02,D,2012,D,1,D,1,D,23,D,23,D,23,D,23,D,1,D,,A
20171,03508872,10,0,2,D,04,D,2010,D,1,D,1,D,105,F,105,F,105,F,105,F,1,D,,A
20171,03509062,23,0,1,D,01,D,2015,D,2,D,1,D,18,D,18,D,18,D,18,D,2,D,17,D
20171,03509322,6,0,1,D,08,D,2016,D,1,D,1,D,108,F,108,F,108,F,108,F,1,D,,A
20171,03509342,31,0,1,D,04,D,2012,D,2,D,1,D,0,D,0,D,0,D,0,D,1,D,,A
20171,03509342,32,0,2,D,11,D,2014,D,2,D,1,D,0,D,0,D,0,D,0,D,1,D,,A
20171,03509432,3,0,1,D,11,D,2016,D,1,D,,A,85,D,85,D,,A,,A,,A,,A
20171,03509452,11,0,1,D,07,D,2011,D,1,D,1,D,50,D,50,D,50,D,50,D,1,D,,A
20171,03509472,31,0,1,D,08,D,2016,D,1,D,1,D,34,D,34,D,34,D,34,D,1,D,,A
20171,03509662,5,0,1,D,07,D,2016,D,1,D,1,D,20,D,20,D,20,D,20,D,1,D,,A
20171,03509722,3,0,1,D,09,D,2016,D,1,D,1,D,0,D,0,D,0,D,0,D,2,D,,C
20171,03509912,38,0,1,D,02,D,2009,D,2,D,1,D,34,D,34,D,34,D,34,D,2,D,40,D
20171,03509912,39,0,2,D,01,D,2007,D,2,D,1,D,34,D,34,D,34,D,34,D,2,D,40,D
20171,03509952,18,0,1,D,01,D,2007,D,2,D,1,D,0,D,0,D,0,D,0,D,2,D,33,D
20171,03510062,7,0,1,D,12,D,2005,D,1,D,1,D,0,D,0,D,0,D,0,D,1,D,,A
20171,03510072,5,0,2,D,07,D,2016,D,1,D,1,D,20,F,20,F,20,F,20,F,1,D,,A
20171,03510362,3,0,1,D,07,D,2016,D,2,D,1,D,0,D,0,D,0,D,0,D,1,D,,A
20171,03510472,3,0,1,D,,A,,A,,A,2,D,,A,,A,,A,,A,,A,,A
20171,03510472,4,0,2,D,,A,,A,,A,2,D,,A,,A,,A,,A,,A,,A
20171,03510532,12,0,3,D,12,D,2005,D,1,D,1,D,190,D,190,D,190,D,190,D,1,D,,A
20171,03510622,9,0,1,D,01,D,2015,D,1,D,1,D,100,F,100,F,100,F,100,F,2,D,,A
20171,03510632,3,0,1,D,06,D,2012,D,1,D,1,D,354,F,354,F,354,F,354,F,1,D,,A
20171,03510632,4,0,2,D,10,D,2008,D,1,D,1,D,25,F,25,F,25,F,25,F,1,D,,A
20171,03510712,6,0,1,D,,A,,A,,A,2,D,,A,,A,,A,,A,,A,,A
20171,03510752,14,0,1,D,07,D,2016,D,1,D,1,D,23,F,23,F,30,F,30,F,1,D,30,F
20171,03510752,15,0,2,D,07,D,2016,D,2,D,1,D,18,F,18,F,18,F,18,F,1,D,,A
20171,03510822,6,0,1,D,01,D,2013,D,1,D,1,D,34,D,34,D,34,D,34,D,2,D,39,D
20171,03511032,3,0,1,D,01,D,2008,D,1,D,1,D,0,D,0,D,0,D,0,D,1,D,,A
20171,03511292,4,0,1,D,09,D,2016,D,1,D,1,D,70,F,70,F,70,F,70,F,1,D,,A
20171,03511292,5,0,2,D,10,D,2016,D,1,D,1,D,29,F,29,F,29,F,,A,1,D,,A
20171,03511412,8,0,1,D,,A,,A,,A,2,D,,A,,A,,A,,A,,A,,A
20171,03511412,9,0,2,D,,A,,A,,A,2,D,,A,,A,,A,,A,,A,,A
20171,03511502,6,0,1,D,,A,,A,,A,2,D,,A,,A,,A,,A,,A,,A
20171,03511532,4,0,2,D,11,D,2015,D,1,D,,A,35,D,35,D,35,D,35,D,,A,,A
20171,03511532,5,0,5,D,07,D,2016,D,1,D,1,D,125,F,125,F,125,F,125,F,1,D,,A
20171,03511542,13,0,1,D,08,D,2013,D,1,D,1,D,119,D,119,D,119,D,119,D,1,D,,A
20171,03511542,14,0,2,D,10,D,2013,D,1,D,1,D,119,D,119,D,119,D,119,D,1,D,,A
20171,03511572,5,0,1,D,07,D,2016,D,2,D,1,D,0,D,0,D,0,D,0,D,1,D,,A
20171,03511622,11,0,2,D,08,D,2016,D,1,D,1,D,100,D,100,D,100,D,100,D,1,D,,A
20171,03511682,18,0,2,D,10,D,2015,D,2,D,1,D,30,D,30,D,30,D,30,D,1,D,,A
20171,03511732,10,0,1,D,12,D,2005,D,1,D,1,D,61,F,61,F,61,F,61,F,1,D,,A
20171,03512012,3,0,1,D,02,D,2015,D,1,D,1,D,0,D,0,D,0,D,0,D,1,D,,A
20171,03512192,3,0,1,D,12,D,2005,D,1,D,1,D,110,D,110,D,110,D,110,D,1,D,,A
20171,03512192,4,0,2,D,10,D,2016,D,2,F,1,D,121,F,121,F,121,F,,A,1,D,,A
20171,03512412,6,0,1,D,05,D,2010,D,1,D,1,D,33,D,33,D,33,D,33,D,1,D,,A
20171,03512442,16,0,1,D,01,D,2008,D,1,D,1,D,40,D,40,D,40,D,40,D,1,D,,A
20171,03512452,12,0,1,D,03,D,2012,D,1,D,1,D,0,D,0,D,0,D,0,D,1,D,,A
20171,03512532,12,0,1,D,12,D,2005,D,1,D,1,D,100,D,100,D,100,D,100,D,1,D,,A
20171,03512702,28,0,2,D,09,D,2010,D,1,D,1,D,100,D,100,D,100,D,100,D,1,D,,A
20171,03512832,13,0,1,D,11,D,2012,D,2,D,1,D,68,D,68,D,68,D,68,D,1,D,,A
20171,03512832,14,0,2,D,01,D,2012,D,2,D,1,D,0,D,0,D,0,D,0,D,2,D,5,D
20171,03512862,3,0,1,D,12,D,2016,D,1,D,,A,,C,,A,,A,,A,,A,,A
20171,03512912,7,0,1,D,02,D,2010,D,1,D,,A,17,F,17,F,17,F,17,F,,A,,A
20171,03512962,24,0,1,D,07,D,2016,D,2,D,1,D,20,D,20,D,20,D,20,D,1,D,,A
20171,03513052,4,0,1,D,07,D,2016,D,1,D,1,D,56,F,56,F,56,F,56,F,1,D,,A
20171,03513072,5,0,1,D,03,D,2010,D,2,D,1,D,0,D,0,D,0,D,0,D,1,D,,A
20171,03513072,6,0,2,D,05,D,2010,D,2,D,1,D,0,D,0,D,0,D,0,D,1,D,,A
20171,03513152,5,0,1,D,01,D,2015,D,1,D,1,D,119,F,119,F,119,F,119,F,1,D,,A
20171,03513242,8,0,1,D,08,D,2007,D,1,D,1,D,23,F,23,F,23,F,25,F,1,D,25,F
20171,03513532,9,0,1,D,01,D,2008,D,2,D,1,D,43,D,43,D,43,D,43,D,1,D,,A
20171,03524342,11,0,1,D,05,D,2016,D,2,D,1,D,0,D,0,D,0,D,0,D,1,D,,A
20171,03524422,15,0,1,D,09,D,2013,D,1,D,,A,105,D,105,D,105,D,105,D,,A,,A
20171,03524622,18,0,1,D,12,D,2005,D,1,D,1,D,18,D,18,D,18,D,27,D,2,D,27,D
20171,03524622,19,0,2,D,12,D,2005,D,1,D,1,D,54,D,54,D,54,D,27,D,2,D,27,D
20171,03524752,4,0,1,D,04,D,2009,D,2,D,1,D,0,D,0,D,0,D,0,D,2,D,0,D
20171,03524782,3,0,1,D,06,D,2006,D,2,D,1,D,0,D,0,D,0,D,0,D,1,D,,A
20171,03524812,8,0,1,D,01,D,2014,D,2,D,1,D,18,D,18,D,18,D,18,D,1,D,,A
20171,03524972,5,0,1,D,11,D,2011,D,2,F,,A,215,F,215,F,215,F,215,F,,A,,A
20171,03525042,5,0,1,D,02,D,2012,D,2,D,1,D,0,D,0,D,0,D,0,D,1,D,,A
20171,03525042,6,0,2,D,08,D,2011,D,2,D,1,D,0,D,0,D,0,D,0,D,1,D,,A
20171,03525052,19,0,1,D,01,D,2008,D,1,D,1,D,28,F,28,F,28,F,28,F,1,D,,A
20171,03525062,6,0,1,D,01,D,2015,D,2,D,1,D,0,D,0,D,0,D,0,D,1,D,,A
20171,03525062,7,0,2,D,06,D,2015,D,2,D,1,D,0,D,0,D,0,D,0,D,1,D,,A
20171,03525142,6,0,2,D,01,D,2014,D,1,D,1,D,59,F,59,F,59,F,69,F,1,D,69,F
20171,03525202,18,0,1,D,11,D,2016,D,1,D,,A,110,F,110,F,110,F,,A,,A,,A
20171,03525212,9,0,1,D,01,D,2013,D,2,D,,A,0,D,0,D,0,D,0,D,,A,,A
20171,03525212,10,0,2,D,07,D,2013,D,2,D,,A,0,D,0,D,0,D,0,D,,A,,A
20171,03525212,11,0,5,D,11,D,2013,D,2,D,,A,0,D,0,D,0,D,0,D,,A,,A
20171,03525382,3,0,1,D,02,D,2017,D,1,D,,A,,C,,A,,A,,A,,A,,A
20171,03525512,3,0,1,D,02,D,2010,D,1,D,1,D,85,D,85,D,85,D,85,D,1,D,,A
20171,03525592,4,0,1,D,09,D,2014,D,1,D,1,D,45,D,45,D,45,D,27,D,2,D,27,D
20171,03525712,11,0,5,D,12,D,2005,D,2,D,1,D,100,D,100,D,100,D,100,D,1,D,,A
20171,03525842,5,0,1,D,01,D,2015,D,1,D,1,D,50,D,50,D,50,D,50,D,1,D,,A
20171,03525852,9,0,2,D,06,D,2016,D,2,D,1,D,23,D,23,D,23,D,27,D,2,D,27,D
20171,03525882,5,0,1,D,11,D,2016,D,2,F,,A,29,F,29,F,29,F,,A,,A,,A
20171,03526182,39,0,1,D,12,D,2005,D,2,D,1,D,25,D,25,D,25,D,25,D,1,D,,A
20171,03526212,4,0,1,D,01,D,2010,D,1,D,1,D,26,F,26,F,26,F,26,F,1,D,,A
20171,03526472,16,0,1,D,12,D,2005,D,1,D,,A,108,F,108,F,108,F,108,F,,A,,A
20171,03526472,17,0,2,D,12,D,2005,D,1,D,,A,45,F,45,F,45,F,45,F,,A,,A
20171,03526722,23,0,3,D,,A,,A,,A,2,D,,A,,A,,A,,A,,A,,A
20171,03526852,9,0,1,D,01,D,2007,D,1,D,1,D,100,D,100,D,100,D,100,D,1,D,,A
20171,03526922,11,0,2,D,06,D,2011,D,2,D,1,D,40,D,40,D,40,D,40,D,1,D,,A
20171,03526992,9,0,1,D,01,D,2012,D,2,D,1,D,45,D,45,D,45,D,45,D,1,D,,A
20171,03527132,7,0,2,D,,A,,A,,A,2,D,,A,,A,,A,,A,,A,,A
20171,03527342,12,0,1,D,11,D,2016,D,1,D,1,D,71,D,71,D,71,D,,A,1,D,,A
20171,03527412,7,0,1,D,12,D,2005,D,2,D,1,D,50,D,50,D,50,D,50,D,1,D,,A
20171,03527512,6,0,1,D,11,D,2016,D,1,D,1,D,0,D,0,D,0,D,,A,1,D,,A
20171,03527512,7,0,2,D,09,D,2016,D,1,D,1,D,0,D,0,D,0,D,0,D,1,D,,A
20171,03527642,27,0,1,D,11,D,2016,D,2,D,,A,150,D,150,D,150,D,,A,,A,,A
20171,03527692,8,0,1,D,09,D,2012,D,1,D,1,D,25,D,25,D,25,D,25,D,1,D,,A
20171,03527762,8,0,1,D,12,D,2010,D,1,D,1,D,287,F,287,F,287,F,287,F,1,D,,A
20171,03527802,6,0,2,D,02,D,2009,D,1,D,1,D,105,F,,A,,A,,A,1,D,109,F
20171,03527874,14,0,1,D,01,D,2017,D,2,D,,A,,C,,A,,A,,A,,A,,A
20171,03527942,6,0,1,D,11,D,2016,D,1,D,1,D,400,D,400,D,400,D,,A,1,D,,A
20171,03528002,10,0,1,D,09,D,2015,D,1,D,1,D,28,D,28,D,28,D,38,D,2,D,38,D
20171,03528102,10,0,1,D,11,D,2010,D,1,D,1,D,18,F,18,F,18,F,18,F,1,D,,A
20171,03528152,9,0,1,D,11,D,2016,D,1,D,1,D,71,F,71,F,71,F,,A,1,D,,A
20171,03528192,8,0,1,D,12,D,2005,D,1,D,1,D,0,D,0,D,0,D,0,D,1,D,,A
20171,03528192,9,0,2,D,12,D,2005,D,1,D,1,D,0,D,0,D,0,D,0,D,1,D,,A
20171,03528192,10,0,3,D,12,D,2005,D,1,D,1,D,0,D,0,D,0,D,0,D,1,D,,A
20171,03528302,7,0,1,D,05,D,2010,D,1,D,,A,0,D,0,D,0,D,0,D,,A,,A
20171,03528692,11,0,1,D,06,D,2008,D,1,F,1,D,30,D,30,D,30,D,30,D,1,D,,A
20171,03528962,7,0,1,D,11,D,2016,D,1,D,1,D,29,D,29,D,29,D,,A,1,D,,A
20171,03528992,7,0,1,D,07,D,2012,D,2,D,,A,50,F,50,F,50,F,50,F,,A,,A
20171,03528992,8,0,2,D,03,D,2012,D,2,D,,A,136,F,136,F,136,F,136,F,,A,,A
20171,03529224,12,0,2,D,03,D,2015,D,2,D,1,D,0,D,0,D,0,D,0,D,1,D,,A
20171,03529682,11,0,1,D,12,D,2005,D,1,D,1,D,0,D,0,D,0,D,0,D,1,D,,A
20171,03529682,12,0,2,D,02,D,2013,D,1,D,1,D,70,F,70,F,70,F,70,F,1,D,,A
20171,03529682,13,0,3,D,11,D,2016,D,1,D,1,D,0,D,0,D,0,D,,A,1,D,,A
20171,03529692,10,0,1,D,01,D,2017,D,1,D,,A,23,D,,A,,A,,A,,A,,A
20171,03529972,8,0,1,D,,A,,A,,A,2,D,,A,,A,,A,,A,,A,,A
20171,03530072,12,0,2,D,12,D,2005,D,1,D,1,D,109,F,109,F,109,F,109,F,2,D,,A
20171,03530222,7,0,1,D,02,D,2015,D,1,D,1,D,45,D,45,D,45,D,45,D,1,D,,A
20171,03530262,5,0,1,D,01,D,2006,D,1,D,1,D,59,D,59,D,59,D,59,D,,C,,A
20171,03530322,14,0,1,D,03,D,2006,D,1,D,1,D,17,F,17,F,17,F,17,F,1,D,,A
20171,03530322,15,0,2,D,05,D,2006,D,1,D,1,D,100,F,100,F,100,F,100,F,1,D,,A
20171,03530652,5,0,1,D,11,D,2016,D,1,F,1,D,28,F,28,F,28,F,,A,1,D,,A
20171,03530652,6,0,2,D,,A,,A,,A,2,D,,A,,A,,A,,A,,A,,A
20171,03530742,7,0,1,D,12,D,2005,D,1,D,1,D,50,F,50,F,50,F,50,F,1,D,,A
20171,03530742,8,0,2,D,12,D,2005,D,1,D,1,D,104,F,104,F,104,F,104,F,1,D,,A
20171,03530782,12,0,1,D,03,D,2013,D,2,D,1,D,0,D,0,D,0,D,0,D,1,D,,A
20171,03530922,11,0,2,D,10,D,2016,D,1,D,1,D,50,D,50,D,50,D,50,D,1,D,,A
20171,03530932,4,0,1,D,06,D,2007,D,1,D,,A,36,F,36,F,36,F,36,F,,A,,A
20171,03531362,4,0,1,D,11,D,2016,D,1,D,1,D,260,F,260,F,260,F,,A,1,D,,A
20171,03531552,5,0,2,D,12,D,2016,D,2,D,,A,95,F,95,F,,A,,A,,A,,A
20171,03531642,4,0,1,D,12,D,2007,D,2,D,,A,39,D,39,D,39,D,39,D,,A,,A
20171,03531732,5,0,1,D,12,D,2005,D,1,D,1,D,0,D,0,D,0,D,0,D,1,D,,A
20171,03531832,12,0,1,D,12,D,2005,D,1,D,1,D,36,F,36,F,36,F,36,F,1,D,,A
20171,03532072,3,0,1,D,10,D,2014,D,1,D,1,D,125,D,125,D,125,D,125,D,1,D,,A
20171,03532072,4,0,2,D,08,D,2011,D,1,D,1,D,125,D,125,D,125,D,125,D,1,D,,A
20171,03532202,7,0,1,D,,A,,A,,A,2,D,,A,,A,,A,,A,,A,,A
20171,03532242,6,0,1,D,05,D,2006,D,2,D,1,D,28,D,28,D,28,D,86,D,2,D,86,D
20171,03532242,7,0,2,D,01,D,2006,D,1,D,1,D,27,F,27,F,27,F,27,F,1,D,,A
20171,03532532,7,0,1,D,11,D,2016,D,1,D,,A,28,D,28,D,28,D,,A,,A,,A
20171,03532702,14,0,1,D,11,D,2011,D,2,D,1,D,125,D,125,D,125,D,125,D,1,D,,A
20171,03532702,15,0,2,D,09,D,2011,D,2,D,1,D,125,D,125,D,125,D,125,D,1,D,,A
20171,03532962,7,0,1,D,01,D,2014,D,2,D,1,D,0,D,0,D,0,D,0,D,1,D,,A
20171,03533142,16,0,1,D,01,D,2015,D,1,D,1,D,21,D,21,D,21,D,28,D,2,D,28,D
20171,03533222,32,0,1,D,01,D,2015,D,2,D,1,D,36,D,36,D,36,D,36,D,1,D,,A
20171,03533222,33,0,2,D,01,D,2015,D,2,D,1,D,36,D,36,D,36,D,36,D,1,D,,A
20171,03533252,5,0,1,D,03,D,2013,D,1,D,1,D,0,D,0,D,0,D,0,D,1,D,,A
20171,03533322,14,0,1,D,11,D,2012,D,1,D,1,D,70,D,70,D,70,D,70,D,1,D,,A
20171,03533342,14,0,1,D,08,D,2015,D,2,D,1,D,80,D,80,D,80,D,101,D,2,D,101,D
20171,03533362,19,0,1,D,01,D,2010,D,1,D,1,D,25,F,25,F,25,F,25,F,1,D,0,F
20171,03533422,7,0,1,D,12,D,2005,D,1,D,1,D,50,D,50,D,50,D,31,D,2,D,31,D
20171,03533432,7,0,1,D,12,D,2005,D,1,D,,A,104,D,104,D,104,D,104,D,,A,,A
20171,03533432,8,0,2,D,12,D,2005,D,1,D,,A,104,D,104,D,104,D,104,D,,A,,A
20171,03533642,20,0,4,D,01,D,2014,D,1,D,,A,30,F,30,F,30,F,30,F,,A,,A
20171,03533672,9,0,1,D,01,D,2012,D,1,D,1,D,105,D,105,D,105,D,109,D,2,D,109,D
20171,03533702,3,0,1,D,10,D,2016,D,1,D,1,D,26,F,26,F,26,F,26,F,1,D,,A
20171,03533742,11,0,1,D,12,D,2005,D,2,D,,A,0,D,0,D,0,D,0,D,,A,,A
20171,03533762,4,0,2,D,12,D,2015,D,1,D,1,D,36,F,36,F,36,F,36,F,1,D,,A
20171,03533772,13,0,1,D,12,D,2005,D,1,D,1,D,65,D,65,D,65,D,65,D,1,D,,A
20171,03533772,14,0,2,D,12,D,2005,D,1,D,1,D,65,D,65,D,65,D,65,D,1,D,,A
20171,03533802,16,0,1,D,11,D,2016,D,2,D,,A,0,D,0,D,0,D,,A,,A,,A
20171,03533912,15,0,1,D,03,D,2010,D,2,D,1,D,70,D,70,D,70,D,70,D,1,D,,A
20171,03534222,3,0,1,D,02,D,2015,D,2,D,,A,0,D,0,D,0,D,0,D,,A,,A
20171,03534222,4,0,3,D,09,D,2015,D,2,D,,A,0,D,0,D,0,D,0,D,,A,,A
20171,03534222,5,0,4,D,11,D,2015,D,2,D,,A,0,D,0,D,0,D,0,D,,A,,A
20171,03534272,20,0,1,D,05,D,2015,D,2,D,1,D,19,D,19,D,19,D,17,D,2,D,17,D
20171,03534292,6,0,1,D,04,D,2014,D,1,D,,A,104,F,104,F,104,F,104,F,,A,,A
20171,03534302,7,0,1,D,01,D,2008,D,2,D,1,D,0,D,0,D,0,D,0,D,1,D,,A
20171,03534352,5,0,1,D,12,D,2005,D,2,D,1,D,11,D,11,D,11,D,11,D,1,D,,A
20171,03534352,6,0,2,D,12,D,2005,D,2,D,1,D,11,D,11,D,11,D,11,D,1,D,,A
20171,03534522,6,0,1,D,10,D,2016,D,2,D,1,D,59,D,59,D,59,D,69,D,2,D,69,D
20171,03534752,7,0,1,D,08,D,2016,D,1,D,1,D,63,D,63,D,63,D,61,D,2,D,61,D
20171,03534752,8,0,2,D,11,D,2016,D,1,D,1,D,63,D,63,D,63,D,61,D,2,D,61,D
20171,03534882,9,0,4,D,12,D,2016,D,1,D,,A,0,D,0,D,,A,,A,,A,,A
20171,03545462,9,0,1,D,10,D,2016,D,1,D,1,D,133,D,133,D,133,D,133,D,1,D,,A
20171,03545512,6,0,1,D,,A,,A,,A,2,D,,A,,A,,A,,A,,A,,A
20171,03545522,13,0,1,D,01,D,2015,D,2,D,1,D,24,D,24,D,30,D,30,D,2,D,30,D
20171,03545522,14,0,2,D,11,D,2014,D,2,D,1,D,24,D,24,D,30,D,30,D,2,D,30,D
20171,03545662,31,0,2,D,04,D,2010,D,1,D,1,D,115,D,115,D,115,D,115,D,1,D,,A
20171,03545702,6,0,1,D,12,D,2005,D,2,D,1,D,0,D,0,D,0,D,0,D,1,D,,A
20171,03545752,7,0,1,D,,A,,A,,A,2,D,,A,,A,,A,,A,,A,,A
20171,03545752,8,0,2,D,10,D,2008,D,1,D,1,D,19,F,19,F,19,F,17,F,2,D,17,F
20171,03545782,13,0,1,D,09,D,2016,D,1,F,1,D,35,F,35,F,35,F,35,F,1,D,42,F
20171,03545782,14,0,2,D,11,D,2016,D,1,F,1,D,45,F,45,F,45,F,27,F,1,D,27,F
20171,03546262,9,0,1,D,12,D,2005,D,2,D,1,D,30,D,30,D,30,D,30,D,1,D,,A
20171,03546262,10,0,2,D,06,D,2013,D,2,D,1,D,30,D,30,D,45,D,45,D,2,D,45,D
20171,03546272,4,0,1,D,01,D,2010,D,2,D,1,D,0,D,0,D,0,D,0,D,1,D,,A
20171,03546402,8,0,2,D,10,D,2014,D,1,D,1,D,100,D,100,D,100,D,100,D,1,D,,A
20171,03546492,7,0,1,D,06,D,2012,D,2,D,1,D,29,D,29,D,29,D,29,D,1,D,,A
20171,03546662,11,0,3,D,01,D,2007,D,2,D,1,D,0,D,0,D,0,D,0,D,1,D,,A
20171,03546662,12,0,4,D,07,D,2010,D,2,D,1,D,0,D,0,D,0,D,0,D,1,D,,A
20171,03546922,8,0,3,D,12,D,2016,D,1,F,,A,109,F,109,F,109,F,,A,,A,,A
20171,03547192,3,0,1,D,12,D,2005,D,2,D,1,D,0,D,0,D,0,D,0,D,1,D,,A
20171,03547272,8,0,1,D,01,D,2013,D,2,D,1,D,15,F,15,F,17,F,17,F,1,D,17,F
20171,03547272,9,0,2,D,09,D,2011,D,1,D,1,D,50,F,50,F,50,F,50,F,1,D,27,F
20171,03547312,13,0,2,D,09,D,2016,D,2,F,1,D,111,D,111,D,125,D,125,D,2,D,125,D
20171,03547342,11,0,1,D,04,D,2007,D,1,D,1,D,0,D,0,D,0,D,0,D,1,D,,A
20171,03547342,12,0,2,D,08,D,2011,D,1,D,1,D,0,D,0,D,0,D,0,D,1,D,,A
20171,03547362,6,0,1,D,12,D,2016,D,1,D,1,D,121,F,121,F,121,F,,A,1,D,,A
20171,03547442,8,0,1,D,10,D,2015,D,1,D,,A,70,F,70,F,70,F,70,F,,A,,A
20171,03547452,17,0,1,D,10,D,2016,D,1,D,1,D,18,D,18,D,18,D,18,D,1,D,,A
20171,03547552,6,0,1,D,07,D,2016,D,1,D,,A,119,D,119,D,119,D,119,D,,A,,A
20171,03547632,13,0,2,D,11,D,2011,D,2,D,1,D,104,D,104,D,104,D,104,D,1,D,,A
20171,03547722,4,0,1,D,04,D,2016,D,1,D,,A,22,F,22,F,22,F,22,F,,A,,A
20171,03547742,21,0,1,D,02,D,2014,D,1,D,1,D,120,F,120,F,120,F,120,F,1,D,,A
20171,03547872,11,0,1,D,12,D,2016,D,2,F,1,D,60,F,60,F,60,F,,A,,C,,A
20171,03547872,12,0,2,D,12,D,2016,D,1,F,1,D,150,F,150,F,150,F,,A,1,D,,A
20171,03547882,6,0,1,D,03,D,2014,D,2,D,1,D,0,D,0,D,0,D,0,D,1,D,,A
20171,03548022,17,0,2,D,06,D,2009,D,2,D,1,D,35,F,35,F,35,F,35,F,1,D,,A
20171,03548072,9,0,1,D,12,D,2005,D,1,D,1,D,70,D,70,D,70,D,70,D,1,D,,A
20171,03548212,14,0,1,D,12,D,2005,D,2,F,1,D,33,F,33,F,38,F,38,F,1,D,38,F
20171,03548252,6,0,2,D,01,D,2006,D,1,D,1,D,35,D,35,D,35,D,35,D,1,D,,A
20171,03548432,8,0,1,D,04,D,2010,D,1,D,1,D,30,D,30,D,30,D,30,D,1,D,,A
20171,03548432,9,0,2,D,01,D,2016,D,1,D,1,D,56,D,56,D,56,D,56,D,1,D,,A
20171,03548762,5,0,1,D,06,D,2014,D,1,D,,A,17,D,17,D,17,D,17,D,,A,,A
20171,03548762,6,0,2,D,03,D,2011,D,1,D,,A,67,D,67,D,67,D,67,D,,A,,A
20171,03548882,11,0,1,D,05,D,2015,D,1,D,1,D,8,D,8,D,8,D,8,D,1,D,,A
20171,03548922,11,0,1,D,,A,,A,,A,2,D,,A,,A,,A,,A,,A,,A
20171,03548932,6,0,1,D,02,D,2017,D,1,D,,A,,C,,A,,A,,A,,A,,A
20171,03548932,7,0,2,D,12,D,2016,D,1,D,,A,29,F,29,F,29,F,,A,,A,,A
20171,03549112,14,0,1,D,12,D,2005,D,2,D,1,D,84,D,84,D,84,D,84,D,1,D,,A
20171,03549192,6,0,1,D,01,D,2008,D,1,F,1,D,1,D,1,D,1,D,1,D,1,D,,A
20171,03549202,5,0,1,D,12,D,2005,D,1,D,1,D,0,D,0,D,0,D,0,D,1,D,,A
20171,03549432,4,0,1,D,12,D,2016,D,1,D,1,D,158,F,158,F,158,F,,A,1,D,,A
20171,03549432,5,0,2,D,11,D,2016,D,1,D,1,D,110,F,110,F,110,F,110,F,1,D,,A
20171,03549452,8,0,2,D,03,D,2013,D,1,D,1,D,25,F,25,F,25,F,25,F,1,D,,A
20171,03549592,10,0,1,D,11,D,2016,D,1,D,1,D,60,D,60,D,68,D,68,D,2,D,68,D
20171,03549592,11,0,2,D,10,D,2016,D,1,D,1,D,60,D,60,D,68,D,68,D,2,D,68,D
20171,03549642,15,0,1,D,12,D,2005,D,2,D,,A,0,D,0,D,0,D,0,D,,A,,A
20171,03549642,16,0,2,D,01,D,2006,D,2,D,,A,0,D,0,D,0,D,0,D,,A,,A
20171,03549752,12,0,2,D,10,D,2016,D,1,D,,A,202,D,202,D,202,D,202,D,,A,,A
20171,03549922,14,0,1,D,10,D,2016,D,1,D,1,D,50,D,50,D,50,D,50,D,1,D,,A
20171,03549922,15,0,2,D,09,D,2016,D,1,D,1,D,50,D,50,D,50,D,50,D,1,D,,A
20171,03550022,12,0,2,D,12,D,2005,D,1,D,,A,0,D,0,D,0,D,0,D,,A,,A
20171,03550042,4,0,1,D,01,D,2006,D,1,D,1,D,139,D,139,D,139,D,139,D,1,D,,A
20171,03550042,5,0,2,D,06,D,2009,D,1,D,1,D,139,D,139,D,139,D,139,D,1,D,,A
20171,03550052,4,0,1,D,08,D,2013,D,1,D,,A,63,F,63,F,63,F,70,F,,A,70,F
20171,03550072,23,0,3,D,12,D,2005,D,1,D,1,D,95,D,95,D,95,D,95,D,1,D,,A
20171,03550542,19,0,1,D,,A,,A,,A,2,D,,A,,A,,A,,A,,A,,A
20171,03550572,30,0,1,D,10,D,2016,D,2,D,1,D,0,D,0,D,0,D,0,D,1,D,,A
20171,03550682,16,0,1,D,12,D,2015,D,2,D,1,D,17,D,17,D,17,D,17,D,1,D,,A
20171,03550682,17,0,2,D,06,D,2015,D,2,D,1,D,17,D,17,D,17,D,17,D,1,D,,A
20171,03550762,5,0,1,D,12,D,2016,D,1,D,1,D,121,D,121,D,121,D,,A,1,D,,A
20171,03550892,18,0,1,D,09,D,2012,D,2,D,1,D,0,D,0,D,0,D,0,D,1,D,,A
20171,03551242,9,0,1,D,12,D,2016,D,2,D,1,D,50,D,50,D,50,D,,A,1,D,,A
20171,03551242,10,0,2,D,12,D,2016,D,2,D,1,D,50,D,50,D,50,D,,A,1,D,,A
20171,03551252,7,0,1,D,03,D,2006,D,1,D,1,D,108,D,108,D,108,D,108,D,1,D,,A
20171,03551252,8,0,2,D,10,D,2007,D,1,D,1,D,108,D,108,D,108,D,108,D,1,D,,A
20171,03551262,8,0,2,D,01,D,2013,D,1,D,1,D,55,F,55,F,55,F,55,F,1,D,,A
20171,03551312,14,0,1,D,12,D,2011,D,1,D,,A,30,F,30,F,30,F,30,F,,A,,A
20171,03551312,15,0,2,D,01,D,2011,D,1,D,,A,17,F,17,F,17,F,17,F,,A,,A
20171,03551332,7,0,1,D,01,D,2017,D,1,D,,A,21,D,21,D,,A,,A,,A,,A
20171,03551352,3,0,1,D,09,D,2016,D,1,F,1,D,58,D,58,D,58,D,58,D,1,D,,A
20171,03551472,11,0,1,D,03,D,2017,D,1,D,,A,,C,,A,,A,,A,,A,,A
20171,03551472,12,0,2,D,02,D,2017,D,1,D,,A,,C,,A,,A,,A,,A,,A
20171,03551562,8,0,1,D,01,D,2010,D,1,D,,A,22,F,22,F,22,F,22,F,,A,,A
20171,03551852,8,0,1,D,01,D,2009,D,1,D,1,D,50,D,50,D,50,D,50,D,1,D,,A
20171,03551872,9,0,1,D,06,D,2007,D,2,D,1,D,30,D,30,D,50,D,50,D,2,D,50,D
20171,03551872,10,0,2,D,01,D,2007,D,2,D,1,D,30,D,30,D,55,D,55,D,2,D,55,D
20171,03551952,13,0,1,D,01,D,2016,D,2,D,,A,34,D,34,D,34,D,34,D,,A,,A
20171,03552022,8,0,1,D,09,D,2014,D,1,D,1,D,0,D,0,D,0,D,0,D,1,D,,A
20171,03552042,7,0,1,D,09,D,2016,D,1,D,1,D,137,F,137,F,137,F,137,F,1,D,157,F
20171,03552112,14,0,1,D,05,D,2012,D,1,D,1,D,110,D,110,D,110,D,110,D,1,D,,A
20171,03552112,15,0,2,D,03,D,2012,D,1,D,1,D,110,D,110,D,110,D,110,D,1,D,,A
20171,03552212,4,0,1,D,03,D,2017,D,1,F,,A,,C,,A,,A,,A,,A,,A
20171,03552242,8,0,1,D,09,D,2016,D,1,D,1,D,125,F,125,F,125,F,125,F,1,D,,A
20171,03552332,18,0,1,D,12,D,2015,D,2,D,1,D,23,D,23,D,23,D,23,D,1,D,,A
20171,03552612,3,0,1,D,04,D,2011,D,1,D,1,D,0,D,0,D,0,D,0,D,1,D,,A
20171,03552712,13,0,2,D,12,D,2016,D,1,D,1,D,158,D,158,D,158,D,,A,1,D,,A
20171,03552762,7,0,1,D,12,D,2005,D,2,D,,A,52,F,52,F,52,F,52,F,,A,,A
20171,03552842,8,0,2,D,04,D,2010,D,2,D,1,D,0,D,0,D,0,D,0,D,1,D,,A
20171,03553172,12,0,3,D,01,D,2013,D,1,D,1,D,500,F,500,F,500,F,500,F,1,D,,A
20171,03553232,4,0,1,D,03,D,2017,D,1,D,,A,87,D,,A,,A,,A,,A,,A
20171,03553262,12,0,1,D,,A,,A,,A,2,D,,A,,A,,A,,A,,A,,A
20171,03553322,6,0,1,D,10,D,2016,D,1,D,,A,34,F,34,F,34,F,34,F,,A,40,F
20171,03553362,6,0,1,D,12,D,2005,D,1,D,1,D,105,D,105,D,105,D,105,D,1,D,,A
20171,03553552,11,0,1,D,,A,,A,,A,2,D,,A,,A,,A,,A,,A,,A
20171,03553552,12,0,2,D,,A,,A,,A,2,D,,A,,A,,A,,A,,A,,A
20171,03553622,10,0,1,D,11,D,2016,D,1,D,1,D,120,F,120,F,120,F,120,F,1,D,,A
20171,03553632,11,0,1,D,11,D,2016,D,1,D,1,D,328,F,328,F,328,F,328,F,1,D,,A
20171,03553632,12,0,2,D,11,D,2006,D,1,D,1,D,100,D,100,D,100,D,100,D,1,D,,A
20171,03553662,21,0,1,D,12,D,2016,D,1,D,1,D,110,D,110,D,110,D,,A,1,D,,A
20171,03553832,19,0,3,D,10,D,2016,D,1,F,1,D,17,F,17,F,17,F,17,F,1,D,,A
20171,03553832,20,0,4,D,10,D,2016,D,2,F,1,D,54,F,54,F,54,F,54,F,1,D,0,F
20171,03553942,15,0,1,D,12,D,2005,D,2,D,1,D,20,F,20,F,20,F,20,F,2,D,,A
20171,03553952,11,0,1,D,05,D,2014,D,1,D,1,D,36,D,36,D,36,D,36,D,1,D,,A
20171,03554072,7,0,4,D,09,D,2016,D,2,D,1,D,0,D,0,D,0,D,0,D,1,D,,A
20171,03554072,8,0,5,D,11,D,2016,D,2,D,1,D,0,D,0,D,0,D,0,D,1,D,,A
20171,03554192,18,0,2,D,04,D,2016,D,2,D,1,D,70,D,70,D,70,D,70,D,1,D,,A
20171,03554202,15,0,1,D,04,D,2013,D,1,D,1,D,66,F,66,F,66,F,66,F,1,D,,A
20171,03554202,16,0,2,D,11,D,2016,D,1,D,1,D,87,F,87,F,87,F,87,F,1,D,,A
20171,03554262,24,0,1,D,01,D,2017,D,2,D,,A,104,D,104,D,,A,,A,,A,,A
20171,03554392,4,0,1,D,11,D,2016,D,1,D,1,D,30,F,30,F,30,F,30,F,1,D,,A
20171,03554702,4,0,1,D,06,D,2011,D,1,D,1,D,0,D,0,D,0,D,0,D,1,D,,A
20171,03554702,5,0,2,D,01,D,2006,D,1,D,1,D,0,D,0,D,35,D,35,D,2,D,35,D
20171,03554802,7,0,1,D,09,D,2014,D,2,D,1,D,0,D,0,D,0,D,0,D,1,D,,A
20171,03554942,9,0,1,D,04,D,2006,D,2,D,1,D,30,F,30,F,30,F,30,F,1,D,,A
20171,03554942,10,0,2,D,10,D,2016,D,2,D,1,D,30,F,30,F,30,F,30,F,1,D,35,F
20171,03554992,8,0,1,D,04,D,2010,D,1,D,1,D,50,F,50,F,50,F,38,F,1,D,38,F
20171,03555122,9,0,1,D,03,D,2017,D,1,D,,A,,C,,A,,A,,A,,A,,A
20171,03555422,3,0,1,D,07,D,2008,D,1,D,,A,0,D,0,D,0,D,0,D,,A,,A
20171,03555552,6,0,1,D,12,D,2005,D,2,D,1,D,55,F,55,F,55,F,55,F,1,D,,A
20171,03555562,5,0,1,D,12,D,2005,D,2,D,1,D,32,D,32,D,32,D,32,D,1,D,,A
20171,03555562,6,0,2,D,12,D,2005,D,2,D,1,D,32,D,32,D,32,D,32,D,1,D,,A
20171,03555642,6,0,1,D,01,D,2008,D,2,D,1,D,54,D,54,D,54,D,54,D,2,D,0,D
20171,03555712,17,0,1,D,12,D,2016,D,2,F,1,D,50,F,50,F,50,F,,A,1,D,,A
20171,03555812,11,0,1,D,12,D,2005,D,1,D,1,D,24,D,24,D,24,D,24,D,1,D,,A
20171,03555812,12,0,2,D,03,D,2014,D,2,D,1,D,0,D,0,D,0,D,0,D,1,D,,A
20171,03556192,10,0,1,D,12,D,2005,D,2,D,,A,40,D,40,D,40,D,40,D,,A,,A
20171,03556192,11,0,2,D,12,D,2005,D,2,D,,A,40,D,40,D,40,D,40,D,,A,,A
20171,03556212,12,0,1,D,02,D,2016,D,1,D,,A,27,D,27,D,27,D,27,D,,A,,A
20171,03566511,10,0,3,D,01,D,2015,D,1,D,,A,70,D,70,D,70,D,70,D,,A,,A
20171,03566661,5,0,1,D,12,D,2005,D,1,D,,A,0,D,0,D,0,D,0,D,,A,,A
20171,03566811,11,0,1,D,08,D,2010,D,2,D,,A,105,D,105,D,105,D,105,D,,A,,A
20171,03567001,7,0,2,D,03,D,2015,D,1,D,,A,38,D,38,D,38,D,38,D,,A,,A
20171,03567191,8,0,1,D,05,D,2010,D,1,D,,A,45,D,45,D,45,D,45,D,,A,,A
20171,03567191,9,0,2,D,08,D,2010,D,1,D,,A,53,D,53,D,53,D,53,D,,A,,A
20171,03567231,8,0,2,D,11,D,2013,D,2,D,,A,0,D,0,D,0,D,0,D,,A,,A
20171,03567391,5,0,1,D,06,D,2006,D,2,D,,A,0,D,0,D,0,D,0,D,,A,,A
20171,03567551,5,0,1,D,09,D,2016,D,1,D,,A,85,F,85,F,85,F,85,F,,A,,A
20171,03567661,8,0,1,D,09,D,2011,D,1,D,,A,60,F,60,F,60,F,60,F,,A,,A
20171,03567881,44,0,1,D,10,D,2016,D,1,D,,A,60,D,60,D,60,D,,A,,A,,A
20171,03567881,45,0,2,D,01,D,2017,D,1,D,,A,85,D,,A,,A,,A,,A,,A
20171,03568211,11,0,1,D,01,D,2006,D,1,D,,A,58,F,58,F,58,F,58,F,,A,,A
20171,03568311,4,0,1,D,03,D,2016,D,1,D,,A,30,D,30,D,30,D,30,D,,A,,A
20171,03568331,9,0,5,D,12,D,2005,D,1,D,,A,82,F,82,F,82,F,82,F,,A,,A
20171,03568331,10,0,6,D,12,D,2005,D,1,D,,A,66,F,66,F,66,F,66,F,,A,,A
20171,03568341,12,0,1,D,12,D,2005,D,1,D,,A,12,D,12,D,12,D,12,D,,A,,A
20171,03568341,13,0,2,D,12,D,2005,D,1,D,,A,12,D,12,D,12,D,12,D,,A,,A
20171,03568731,7,0,1,D,12,D,2016,D,1,D,,A,,C,,A,,A,,A,,A,,A
20171,03568731,8,0,2,D,11,D,2016,D,1,D,,A,27,F,27,F,,A,,A,,A,,A
20171,03568831,10,0,2,D,11,D,2016,D,1,D,,A,59,D,59,D,,A,,A,,A,,A
20171,03568971,11,0,1,D,12,D,2005,D,1,F,,A,25,F,25,F,25,F,25,F,,A,,A
20171,03568981,5,0,1,D,12,D,2014,D,1,D,,A,0,D,0,D,0,D,0,D,,A,,A
20171,03569001,14,0,2,D,09,D,2015,D,1,D,,A,51,D,51,D,51,D,51,D,,A,,A
20171,03569041,12,0,2,D,12,D,2013,D,1,D,,A,34,F,34,F,34,F,34,F,,A,,A
20171,03569461,6,0,1,D,05,D,2015,D,2,D,,A,30,D,30,D,30,D,30,D,,A,,A
20171,03569541,7,0,1,D,10,D,2016,D,1,D,,A,0,D,0,D,0,D,,A,,A,,A
20171,03569571,8,0,1,D,04,D,2016,D,1,D,,A,120,D,120,D,120,D,120,D,,A,,A
20171,03569591,15,0,2,D,12,D,2005,D,1,D,,A,110,F,110,F,110,F,110,F,,A,,A
20171,03569631,6,0,1,D,12,D,2005,D,2,D,,A,80,D,80,D,80,D,80,D,,A,,A
20171,03569671,15,0,5,D,01,D,2017,D,1,F,,A,,C,,A,,A,,A,,A,,A
20171,03569711,13,0,1,D,06,D,2013,D,1,D,,A,0,D,0,D,0,D,0,D,,A,,A
20171,03569811,6,0,1,D,12,D,2005,D,1,D,,A,67,F,67,F,67,F,84,F,,A,84,F
20171,03569831,16,0,1,D,07,D,2012,D,2,D,,A,124,F,124,F,124,F,124,F,,A,,A
20171,03569961,20,0,3,D,12,D,2010,D,1,D,,A,450,D,450,D,450,D,450,D,,A,,A
20171,03570131,18,0,1,D,12,D,2005,D,2,D,,A,35,D,35,D,35,D,35,D,,A,,A
20171,03570131,19,0,2,D,12,D,2005,D,2,D,,A,35,D,35,D,35,D,35,D,,A,,A
20171,03570231,9,0,1,D,11,D,2016,D,1,D,,A,28,D,28,D,,A,,A,,A,,A
20171,03570371,3,0,1,D,01,D,2014,D,1,D,,A,109,D,109,D,109,D,109,D,,A,,A
20171,03570371,4,0,2,D,12,D,2016,D,2,D,,A,130,D,,A,,A,,A,,A,,A
20171,03570381,9,0,1,D,06,D,2012,D,2,F,,A,50,F,50,F,50,F,50,F,,A,,A
20171,03570381,10,0,2,D,12,D,2012,D,2,F,,A,63,F,63,F,63,F,63,F,,A,,A
20171,03570571,8,0,1,D,01,D,2015,D,2,D,,A,0,D,0,D,0,D,0,D,,A,,A
20171,03570631,5,0,1,D,11,D,2016,D,1,D,,A,0,D,0,D,,A,,A,,A,,A
20171,03570851,4,0,1,D,01,D,2014,D,1,D,,A,80,D,80,D,80,D,80,D,,A,,A
20171,03570901,23,0,1,D,02,D,2011,D,1,D,,A,0,D,0,D,0,D,0,D,,A,,A
20171,03571101,17,0,1,D,01,D,2012,D,2,D,,A,28,D,28,D,28,D,28,D,,A,,A
20171,03571221,5,0,1,D,01,D,2007,D,1,D,,A,34,D,34,D,34,D,34,D,,A,,A
20171,03571251,7,0,1,D,06,D,2015,D,2,D,,A,25,D,25,D,25,D,25,D,,A,,A
20171,03571251,8,0,2,D,01,D,2015,D,2,D,,A,25,D,25,D,25,D,25,D,,A,,A
20171,03571471,26,0,1,D,12,D,2014,D,1,D,,A,194,D,194,D,194,D,194,D,,A,,A
20171,03571541,8,0,1,D,12,D,2005,D,1,D,,A,121,D,121,D,121,D,121,D,,A,,A
20171,03571611,5,0,1,D,12,D,2005,D,1,D,,A,50,D,50,D,50,D,50,D,,A,,A
20171,03571651,10,0,1,D,01,D,2013,D,1,D,,A,40,D,40,D,40,D,40,D,,A,,A
20171,03571731,5,0,1,D,04,D,2011,D,2,D,,A,115,F,115,F,115,F,115,F,,A,,A
20171,03571761,6,0,2,D,10,D,2016,D,2,D,,A,260,D,260,D,260,D,,A,,A,,A
20171,03571911,4,0,1,D,01,D,2006,D,2,D,,A,0,D,0,D,0,D,0,D,,A,,A
20171,03572511,7,0,1,D,04,D,2014,D,1,D,,A,28,D,28,D,28,D,28,D,,A,,A
20171,03572511,8,0,2,D,08,D,2014,D,1,D,,A,28,D,28,D,28,D,28,D,,A,,A
20171,03572631,10,0,1,D,06,D,2012,D,1,D,,A,52,D,52,D,52,D,52,D,,A,,A
20171,03572631,11,0,2,D,07,D,2012,D,1,D,,A,52,D,52,D,52,D,52,D,,A,,A
20171,03572701,8,0,1,D,01,D,2007,D,1,D,,A,105,D,105,D,105,D,105,D,,A,,A
20171,03572701,9,0,2,D,07,D,2011,D,1,D,,A,107,D,107,D,107,D,107,D,,A,,A
20171,03572791,4,0,1,D,01,D,2012,D,2,D,,A,10,D,10,D,10,D,10,D,,A,,A
20171,03572791,5,0,2,D,01,D,2012,D,2,D,,A,10,D,10,D,10,D,10,D,,A,,A
20171,03572811,9,0,1,D,08,D,2013,D,1,D,,A,115,D,115,D,115,D,115,D,,A,,A
20171,03572811,10,0,2,D,02,D,2016,D,1,D,,A,115,D,115,D,115,D,115,D,,A,,A
20171,03572831,6,0,2,D,10,D,2016,D,1,F,,A,50,F,50,F,50,F,,A,,A,,A
20171,03572901,5,0,1,D,12,D,2016,D,2,D,,A,207,D,,A,,A,,A,,A,,A
20171,03573001,4,0,1,D,10,D,2016,D,2,D,,A,50,D,50,D,50,D,,A,,A,,A
20171,03573121,10,0,1,D,03,D,2009,D,2,D,,A,11,D,11,D,11,D,11,D,,A,,A
20171,03573131,7,0,2,D,01,D,2006,D,1,D,,A,25,D,25,D,25,D,25,D,,A,,A
20171,03573251,6,0,1,D,01,D,2016,D,2,D,,A,55,D,55,D,55,D,55,D,,A,,A
20171,03573251,7,0,2,D,01,D,2016,D,2,D,,A,55,D,55,D,55,D,55,D,,A,,A
20171,03573351,10,0,1,D,01,D,2013,D,1,D,,A,50,D,50,D,50,D,50,D,,A,,A
20171,03573361,3,0,1,D,09,D,2014,D,1,D,,A,500,D,500,D,500,D,500,D,,A,,A
20171,03573361,4,0,2,D,03,D,2014,D,1,D,,A,500,D,500,D,500,D,500,D,,A,,A
20171,03573541,3,0,1,D,01,D,2010,D,1,D,,A,30,D,30,D,30,D,30,D,,A,,A
20171,03573541,4,0,2,D,03,D,2012,D,1,D,,A,30,D,30,D,30,D,30,D,,A,,A
20171,03573641,6,0,1,D,08,D,2016,D,1,D,,A,17,F,17,F,17,F,17,F,,A,,A
20171,03573811,8,0,1,D,10,D,2008,D,2,D,,A,31,D,31,D,31,D,31,D,,A,,A
20171,03573851,3,0,1,D,10,D,2016,D,1,D,,A,0,D,0,D,0,D,,A,,A,,A
20171,03574041,22,0,1,D,08,D,2014,D,1,D,,A,47,D,47,D,47,D,47,D,,A,,A
20171,03574041,23,0,2,D,06,D,2014,D,1,D,,A,47,D,47,D,47,D,47,D,,A,,A
20171,03574271,18,0,2,D,01,D,2007,D,1,D,,A,124,D,124,D,124,D,124,D,,A,,A
20171,03574331,5,0,1,D,12,D,2005,D,2,D,,A,57,D,57,D,57,D,57,D,,A,,A
20171,03574451,23,0,1,D,12,D,2015,D,2,D,,A,0,D,0,D,0,D,0,D,,A,,A
20171,03574451,24,0,2,D,08,D,2015,D,2,D,,A,0,D,0,D,0,D,0,D,,A,,A
20171,03574461,5,0,1,D,01,D,2017,D,2,D,,A,27,D,,A,,A,,A,,A,,A
20171,03574471,11,0,1,D,09,D,2010,D,1,D,,A,81,F,81,F,81,F,88,F,,A,88,F
20171,03574471,12,0,2,D,01,D,2010,D,1,D,,A,15,F,15,F,15,F,15,F,,A,,A
20171,03574931,7,0,1,D,11,D,2016,D,1,D,,A,21,F,21,F,,A,,A,,A,,A
20171,03574961,11,0,1,D,12,D,2016,D,1,D,,A,106,D,,A,,A,,A,,A,,A
20171,03574991,5,0,1,D,12,D,2005,D,1,D,,A,18,F,18,F,18,F,18,F,,A,17,F
20171,03575261,8,0,1,D,12,D,2005,D,2,D,,A,100,F,100,F,100,F,100,F,,A,,A
20171,03575281,12,0,1,D,11,D,2016,D,1,F,,A,0,D,0,D,,A,,A,,A,,A
20171,03575281,13,0,2,D,11,D,2016,D,1,F,,A,0,D,0,D,,A,,A,,A,,A
20171,03575361,10,0,3,D,01,D,2017,D,1,D,,A,,C,,A,,A,,A,,A,,A
20171,03575421,20,0,2,D,06,D,2011,D,2,D,,A,86,D,86,D,86,D,86,D,,A,,A
20171,03575651,5,0,1,D,12,D,2005,D,2,D,,A,0,D,0,D,0,D,0,D,,A,,A
20171,03575691,5,0,1,D,11,D,2016,D,1,D,,A,27,D,27,D,,A,,A,,A,,A
20171,03575881,5,0,1,D,11,D,2016,D,1,D,,A,28,F,28,F,,A,,A,,A,,A
20171,03575881,6,0,2,D,01,D,2014,D,1,D,,A,129,F,129,F,129,F,129,F,,A,,A
20171,03576231,4,0,1,D,10,D,2016,D,1,D,,A,218,D,218,D,218,D,,A,,A,,A
20171,03576261,11,0,1,D,05,D,2011,D,2,D,,A,0,D,0,D,0,D,0,D,,A,,A
20171,03576321,5,0,1,D,01,D,2009,D,1,D,,A,72,D,72,D,72,D,72,D,,A,,A
20171,03576401,6,0,1,D,02,D,2016,D,2,D,,A,0,D,0,D,0,D,0,D,,A,,A
20171,03576441,4,0,1,D,01,D,2017,D,1,D,,A,,C,,A,,A,,A,,A,,A
20171,03587861,25,0,2,D,07,D,2013,D,1,D,,A,39,F,39,F,39,F,39,F,,A,,A
20171,03587931,10,0,1,D,01,D,2012,D,1,D,,A,52,D,52,D,52,D,52,D,,A,,A
20171,03588151,10,0,1,D,01,D,2017,D,1,D,,A,0,D,,A,,A,,A,,A,,A
20171,03588561,10,0,1,D,12,D,2005,D,1,D,,A,10,D,10,D,10,D,10,D,,A,,A
20171,03588561,11,0,2,D,01,D,2008,D,1,D,,A,10,D,10,D,10,D,10,D,,A,,A
20171,03588601,14,0,1,D,07,D,2016,D,2,D,,A,110,D,110,D,110,D,110,D,,A,,A
20171,03588641,4,0,1,D,02,D,2017,D,2,D,,A,0,D,,A,,A,,A,,A,,A
20171,03588681,3,0,1,D,12,D,2016,D,2,D,,A,30,D,30,D,,A,,A,,A,,A
20171,03588681,4,0,2,D,01,D,2017,D,2,D,,A,0,D,,A,,A,,A,,A,,A
20171,03588711,4,0,2,D,01,D,2017,D,1,D,,A,,C,,A,,A,,A,,A,,A
20171,03588711,5,0,3,D,11,D,2016,D,1,D,,A,110,F,110,F,110,F,,A,,A,,A
20171,03588721,5,0,1,D,12,D,2016,D,1,F,,A,59,F,59,F,,A,,A,,A,,A
20171,03588771,17,0,1,D,09,D,2013,D,1,D,,A,26,D,26,D,26,D,26,D,,A,,A
20171,03588771,18,0,2,D,05,D,2013,D,1,D,,A,26,D,26,D,26,D,26,D,,A,,A
20171,03588961,10,0,1,D,02,D,2008,D,1,F,,A,44,F,44,F,44,F,44,F,,A,,A
20171,03589001,5,0,1,D,01,D,2016,D,1,D,,A,21,D,21,D,21,D,21,D,,A,,A
20171,03589121,9,0,1,D,06,D,2013,D,1,D,,A,30,D,30,D,30,D,30,D,,A,,A
20171,03589201,21,0,1,D,12,D,2005,D,2,D,,A,52,D,52,D,52,D,52,D,,A,,A
20171,03589401,8,0,1,D,01,D,2014,D,1,D,,A,25,D,25,D,25,D,25,D,,A,,A
20171,03589461,8,0,1,D,10,D,2015,D,2,D,,A,0,D,0,D,0,D,0,D,,A,,A
20171,03590141,5,0,1,D,11,D,2007,D,2,D,,A,0,D,0,D,0,D,0,D,,A,,A
20171,03590141,6,0,2,D,12,D,2005,D,2,D,,A,0,D,0,D,0,D,0,D,,A,,A
20171,03590231,4,0,1,D,12,D,2005,D,1,D,,A,0,D,0,D,0,D,0,D,,A,,A
20171,03590641,7,0,1,D,12,D,2005,D,2,D,,A,27,D,27,D,27,D,27,D,,A,,A
20171,03590651,9,0,1,D,01,D,2006,D,1,D,,A,60,F,60,F,60,F,60,F,,A,,A
20171,03590651,10,0,2,D,02,D,2008,D,1,D,,A,24,F,24,F,30,F,30,F,,A,30,F
20171,03590791,7,0,1,D,11,D,2013,D,2,D,,A,0,D,0,D,0,D,0,D,,A,,A
20171,03590791,8,0,2,D,11,D,2016,D,2,D,,A,0,D,0,D,0,D,,A,,A,,A
20171,03590971,14,0,1,D,12,D,2005,D,1,D,,A,35,D,35,D,35,D,35,D,,A,,A
20171,03591131,13,0,1,D,11,D,2016,D,1,D,,A,28,F,28,F,28,F,,A,,A,,A
20171,03591201,5,0,1,D,02,D,2012,D,1,D,,A,66,D,66,D,66,D,66,D,,A,,A
20171,03591201,6,0,2,D,11,D,2012,D,1,D,,A,66,D,66,D,66,D,66,D,,A,,A
20171,03591221,4,0,1,D,05,D,2013,D,2,D,,A,14,D,14,D,14,D,14,D,,A,,A
20171,03591231,16,0,4,D,12,D,2005,D,1,D,,A,42,F,42,F,42,F,42,F,,A,,A
20171,03591501,3,0,1,D,12,D,2016,D,2,D,,A,0,D,0,D,,A,,A,,A,,A
20171,03591701,9,0,1,D,12,D,2005,D,1,D,,A,17,D,17,D,17,D,17,D,,A,,A
20171,03591741,3,0,1,D,12,D,2016,D,2,D,,A,0,D,0,D,,A,,A,,A,,A
20171,03591971,21,0,2,D,04,D,2016,D,1,F,,A,111,F,111,F,125,F,125,F,,A,125,F
20171,03592071,4,0,1,D,01,D,2013,D,2,D,,A,57,D,57,D,57,D,57,D,,A,,A
20171,03592071,5,0,2,D,01,D,2013,D,2,D,,A,0,D,0,D,0,D,0,D,,A,,A
20171,03592121,5,0,1,D,08,D,2009,D,1,D,,A,122,F,122,F,122,F,122,F,,A,,A
20171,03592511,5,0,2,D,01,D,2017,D,1,D,,A,,C,,A,,A,,A,,A,,A
20171,03592511,6,0,3,D,01,D,2017,D,1,D,,A,,C,,A,,A,,A,,A,,A
20171,03592551,14,0,1,D,12,D,2005,D,1,D,,A,108,D,108,D,108,D,108,D,,A,,A
20171,03592551,15,0,2,D,12,D,2005,D,1,D,,A,108,D,108,D,108,D,108,D,,A,,A
20171,03592561,11,0,2,D,03,D,2013,D,1,D,,A,70,F,70,F,70,F,70,F,,A,,A
20171,03592731,4,0,1,D,11,D,2016,D,1,D,,A,100,F,100,F,100,F,,A,,A,,A
20171,03592781,3,0,1,D,01,D,2017,D,1,D,,A,,C,,A,,A,,A,,A,,A
20171,03592781,4,0,2,D,12,D,2016,D,1,D,,A,104,F,104,F,,A,,A,,A,,A
20171,03592891,14,0,1,D,06,D,2015,D,1,D,,A,475,D,475,D,475,D,475,D,,A,,A
20171,03592891,15,0,2,D,11,D,2015,D,1,D,,A,475,D,475,D,475,D,475,D,,A,,A
20171,03592961,4,0,1,D,05,D,2006,D,1,D,,A,78,D,78,D,78,D,78,D,,A,,A
20171,03593121,5,0,1,D,10,D,2013,D,2,D,,A,107,F,107,F,107,F,107,F,,A,,A
20171,03593231,5,0,1,D,01,D,2017,D,2,F,,A,,C,,A,,A,,A,,A,,A
20171,03593231,6,0,2,D,12,D,2016,D,1,F,,A,28,F,28,F,,A,,A,,A,,A
20171,03593261,4,0,1,D,12,D,2005,D,1,D,,A,24,F,24,F,24,F,24,F,,A,,A
20171,03593521,4,0,2,D,08,D,2016,D,2,D,,A,10,F,10,F,10,F,10,F,,A,,A
20171,03593551,4,0,1,D,12,D,2016,D,1,D,,A,100,D,100,D,,A,,A,,A,,A
20171,03593551,5,0,2,D,02,D,2017,D,1,D,,A,100,D,,A,,A,,A,,A,,A
20171,03594271,4,0,1,D,12,D,2005,D,1,D,,A,40,D,40,D,40,D,40,D,,A,,A
20171,03594521,8,0,1,D,12,D,2016,D,1,D,,A,105,D,105,D,,A,,A,,A,,A
20171,03594583,14,0,3,D,11,D,2007,D,2,D,,A,0,D,0,D,0,D,0,D,,A,,A
20171,03594601,3,0,1,D,02,D,2016,D,2,D,,A,0,D,0,D,0,D,0,D,,A,,A
20171,03594601,4,0,2,D,10,D,2016,D,2,D,,A,0,D,0,D,0,D,0,D,,A,,A
20171,03594631,15,0,1,D,08,D,2010,D,1,D,,A,120,D,120,D,120,D,120,D,,A,,A
20171,03594791,22,0,1,D,01,D,2008,D,1,D,,A,100,D,100,D,100,D,100,D,,A,,A
20171,03594841,6,0,1,D,11,D,2012,D,2,D,,A,105,F,105,F,105,F,105,F,,A,,A
20171,03594921,5,0,1,D,01,D,2012,D,2,D,,A,60,D,60,D,60,D,60,D,,A,,A
20171,03594921,6,0,2,D,03,D,2012,D,2,D,,A,60,D,60,D,60,D,60,D,,A,,A
20171,03594951,7,0,1,D,09,D,2016,D,2,D,,A,0,D,0,D,0,D,0,D,,A,,A
20171,03594951,8,0,2,D,01,D,2016,D,2,D,,A,0,D,0,D,0,D,0,D,,A,,A
20171,03595041,10,0,1,D,01,D,2011,D,2,D,,A,7,D,7,D,7,D,7,D,,A,,A
20171,03595041,11,0,2,D,10,D,2011,D,2,D,,A,7,D,7,D,7,D,7,D,,A,,A
20171,03595061,12,0,3,D,11,D,2016,D,2,F,,A,50,F,50,F,50,F,,A,,A,,A
20171,03595161,6,0,1,D,01,D,2017,D,2,D,,A,,C,,A,,A,,A,,A,,A
20171,03595271,6,0,1,D,05,D,2009,D,1,D,,A,105,F,105,F,105,F,109,F,,A,109,F
20171,03595281,10,0,1,D,05,D,2009,D,2,D,,A,0,D,0,D,0,D,0,D,,A,,A
20171,03595281,11,0,2,D,01,D,2009,D,2,D,,A,0,D,0,D,0,D,0,D,,A,,A
20171,03595281,12,0,3,D,10,D,2009,D,2,D,,A,0,D,0,D,0,D,0,D,,A,,A
20171,03595551,4,0,1,D,06,D,2007,D,2,D,,A,25,D,25,D,25,D,25,D,,A,,A
20171,03595831,6,0,1,D,02,D,2017,D,1,D,,A,,C,,A,,A,,A,,A,,A
20171,03595881,5,0,1,D,12,D,2014,D,1,D,,A,40,F,40,F,40,F,40,F,,A,,A
20171,03595881,6,0,2,D,10,D,2014,D,1,D,,A,40,F,40,F,40,F,49,F,,A,49,F
20171,03595891,8,0,1,D,12,D,2005,D,2,D,,A,217,D,217,D,217,D,217,D,,A,,A
20171,03595961,16,0,1,D,01,D,2009,D,1,D,,A,36,D,36,D,36,D,36,D,,A,,A
20171,03595961,17,0,2,D,12,D,2005,D,1,D,,A,22,F,22,F,22,F,30,F,,A,30,F
20171,03596561,5,0,1,D,11,D,2015,D,2,D,,A,180,D,180,D,180,D,180,D,,A,,A
20171,03596581,9,0,1,D,01,D,2011,D,1,D,,A,108,D,108,D,108,D,108,D,,A,,A
20171,03596641,10,0,1,D,12,D,2005,D,2,D,,A,59,D,59,D,59,D,59,D,,A,,A
20171,03596641,11,0,2,D,01,D,2010,D,2,D,,A,59,D,59,D,59,D,59,D,,A,,A
20171,03596811,9,0,1,D,10,D,2007,D,1,D,,A,70,D,70,D,70,D,70,D,,A,,A
20171,03596821,11,0,3,D,06,D,2015,D,2,F,,A,0,D,0,D,0,D,0,D,,A,,A
20171,03596871,9,0,1,D,12,D,2006,D,2,D,,A,0,D,0,D,0,D,0,D,,A,,A
20171,03596871,10,0,2,D,02,D,2012,D,2,D,,A,0,D,0,D,0,D,0,D,,A,,A
20171,03596881,8,0,1,D,09,D,2007,D,1,D,,A,290,D,290,D,290,D,290,D,,A,,A
20171,03597001,9,0,1,D,12,D,2016,D,1,D,,A,15,D,15,D,,A,,A,,A,,A
20171,03597001,10,0,2,D,01,D,2017,D,2,D,,A,15,D,,A,,A,,A,,A,,A
20171,03597031,6,0,1,D,05,D,2013,D,1,D,,A,0,D,0,D,0,D,0,D,,A,,A
20171,03597031,7,0,2,D,06,D,2016,D,1,D,,A,0,D,0,D,0,D,0,D,,A,,A
20171,03597071,12,0,2,D,01,D,2016,D,2,D,,A,15,D,15,D,15,D,15,D,,A,,A
20171,03597961,22,0,2,D,01,D,2010,D,1,D,,A,17,D,17,D,17,D,17,D,,A,,A
20171,03598091,15,0,1,D,11,D,2014,D,2,D,,A,82,D,82,D,82,D,82,D,,A,,A
20171,03598091,16,0,2,D,04,D,2013,D,2,D,,A,82,D,82,D,82,D,82,D,,A,,A
20171,03598111,9,0,1,D,01,D,2016,D,1,D,,A,34,F,34,F,34,F,34,F,,A,,A
20171,03598111,10,0,2,D,01,D,2016,D,1,D,,A,29,F,29,F,29,F,29,F,,A,,A
20171,03598181,6,0,1,D,01,D,2017,D,1,D,,A,71,D,,A,,A,,A,,A,,A
20171,03598181,7,0,2,D,02,D,2017,D,1,D,,A,,C,,A,,A,,A,,A,,A
20171,03598271,9,0,1,D,12,D,2005,D,1,D,,A,15,D,15,D,15,D,15,D,,A,,A
20171,03598271,10,0,2,D,12,D,2005,D,1,D,,A,15,D,15,D,15,D,15,D,,A,,A
20171,03598501,5,0,1,D,05,D,2011,D,1,D,,A,31,F,,A,,A,,A,,A,31,F
20171,03598511,10,0,1,D,02,D,2017,D,2,D,,A,0,D,,A,,A,,A,,A,,A
20171,03598561,5,0,1,D,07,D,2007,D,2,F,,A,0,D,0,D,0,D,0,D,,A,,A
20171,03598681,3,0,1,D,02,D,2010,D,2,D,,A,0,D,0,D,0,D,0,D,,A,,A
20171,03598721,16,0,7,D,09,D,2008,D,1,D,,A,109,D,109,D,109,D,109,D,,A,,A
20171,03598721,17,0,8,D,01,D,2008,D,1,D,,A,109,D,109,D,109,D,109,D,,A,,A
20171,03598871,5,0,1,D,12,D,2005,D,1,D,,A,0,D,0,D,0,D,0,D,,A,,A
20171,03598881,14,0,1,D,08,D,2015,D,1,D,,A,20,F,20,F,20,F,20,F,,A,,A
20171,03599091,3,0,1,D,12,D,2005,D,2,D,,A,59,F,59,F,59,F,59,F,,A,,A
20171,03599091,4,0,2,D,12,D,2005,D,2,D,,A,34,F,34,F,34,F,34,F,,A,,A
20171,03599591,9,0,1,D,01,D,2009,D,1,D,,A,100,D,100,D,100,D,100,D,,A,,A
20171,03599651,10,0,3,D,12,D,2005,D,1,D,,A,45,D,45,D,45,D,45,D,,A,,A
20171,03599651,11,0,4,D,12,D,2005,D,1,D,,A,40,D,40,D,40,D,40,D,,A,,A
20171,03599651,12,0,5,D,12,D,2005,D,1,D,,A,40,D,40,D,40,D,40,D,,A,,A
20171,03599681,5,0,1,D,01,D,2016,D,1,D,,A,0,D,0,D,0,D,0,D,,A,,A
20171,03599701,6,0,1,D,01,D,2014,D,2,D,,A,10,D,10,D,10,D,10,D,,A,,A
20171,03599741,3,0,1,D,01,D,2016,D,2,D,,A,0,D,0,D,0,D,0,D,,A,,A
20171,03599741,4,0,2,D,12,D,2013,D,2,D,,A,0,D,0,D,0,D,0,D,,A,,A
20171,03599751,3,0,1,D,12,D,2013,D,1,D,,A,1,F,1,F,1,F,1,F,,A,,A
20171,03599751,4,0,2,D,04,D,2013,D,1,D,,A,70,F,70,F,70,F,70,F,,A,,A
20171,03599781,23,0,1,D,03,D,2012,D,2,D,,A,210,D,210,D,210,D,210,D,,A,,A
20171,03599791,5,0,1,D,05,D,2008,D,1,D,,A,34,D,34,D,34,D,34,D,,A,,A
20171,03599791,6,0,2,D,12,D,2005,D,1,D,,A,34,D,34,D,34,D,34,D,,A,,A
20171,03600131,5,0,1,D,01,D,2015,D,2,D,,A,36,D,36,D,36,D,36,D,,A,,A
20171,03600241,8,0,1,D,02,D,2017,D,1,D,,A,83,D,,A,,A,,A,,A,,A
20171,03600271,16,0,1,D,03,D,2017,D,1,D,,A,,C,,A,,A,,A,,A,,A
20171,03600271,17,0,3,D,02,D,2017,D,1,D,,A,,C,,A,,A,,A,,A,,A
20171,03600311,8,0,1,D,10,D,2012,D,1,D,,A,100,F,100,F,100,F,100,F,,A,,A
20171,03600311,9,0,2,D,11,D,2013,D,1,D,,A,70,F,70,F,70,F,70,F,,A,,A
20171,03600741,3,0,1,D,02,D,2017,D,1,F,,A,,C,,A,,A,,A,,A,,A
20171,03600741,4,0,2,D,12,D,2016,D,1,F,,A,60,F,60,F,60,F,,A,,A,,A
20171,03600911,3,0,1,D,08,D,2006,D,1,D,,A,39,F,39,F,39,F,39,F,,A,,A
20171,03600921,10,0,1,D,02,D,2012,D,1,D,,A,119,F,119,F,119,F,119,F,,A,,A
20171,03600921,11,0,2,D,10,D,2013,D,1,D,,A,47,F,47,F,47,F,47,F,,A,,A
20171,03600981,6,0,1,D,11,D,2016,D,2,D,,A,0,D,0,D,0,D,0,D,,A,,A
20171,03601331,14,0,1,D,02,D,2017,D,2,D,,A,0,D,,A,,A,,A,,A,,A
20171,03601531,4,0,2,D,06,D,2006,D,1,D,,A,32,F,32,F,32,F,32,F,,A,,A
20171,03601581,4,0,1,D,01,D,2009,D,1,D,,A,163,D,163,D,163,D,163,D,,A,,A
20171,03601611,16,0,1,D,06,D,2006,D,2,D,,A,65,D,65,D,65,D,65,D,,A,,A
20171,03601611,17,0,2,D,03,D,2006,D,2,D,,A,65,D,65,D,65,D,65,D,,A,,A
20171,03601681,3,0,1,D,12,D,2011,D,1,D,,A,45,F,45,F,45,F,35,F,,A,35,F
20171,03601741,4,0,1,D,03,D,2008,D,1,D,,A,0,D,0,D,0,D,0,D,,A,,A
20171,03601741,5,0,2,D,06,D,2008,D,1,D,,A,0,D,0,D,0,D,0,D,,A,,A
20171,03601821,8,0,1,D,05,D,2013,D,2,D,,A,0,D,0,D,0,D,0,D,,A,,A
20171,03601831,3,0,1,D,01,D,2017,D,2,D,,A,85,F,85,F,,A,,A,,A,,A
20171,03601851,3,0,1,D,02,D,2017,D,1,D,,A,,C,,A,,A,,A,,A,,A
20171,03601921,15,0,2,D,11,D,2016,D,1,D,,A,36,D,36,D,36,D,36,D,,A,,A
20171,03602241,10,0,1,D,03,D,2016,D,2,D,,A,0,D,0,D,0,D,0,D,,A,,A
20171,03602241,11,0,2,D,04,D,2015,D,2,D,,A,0,D,0,D,0,D,0,D,,A,,A
20171,03602351,5,0,3,D,12,D,2016,D,1,D,,A,150,F,150,F,150,F,,A,,A,,A
20171,03602501,10,0,1,D,08,D,2013,D,1,D,,A,27,F,27,F,27,F,27,F,,A,,A
20171,03602501,11,0,2,D,05,D,2012,D,1,D,,A,104,F,104,F,104,F,104,F,,A,,A
20171,03602691,5,0,1,D,01,D,2012,D,2,D,,A,14,F,14,F,14,F,14,F,,A,,A
20171,03602811,11,0,1,D,01,D,2017,D,1,D,,A,30,D,30,D,,A,,A,,A,,A
20171,03602861,4,0,1,D,01,D,2017,D,1,D,,A,100,F,100,F,,A,,A,,A,,A
20171,03602861,5,0,2,D,03,D,2017,D,1,D,,A,,C,,A,,A,,A,,A,,A
20171,03603171,3,0,1,D,01,D,2017,D,1,D,,A,28,D,28,D,,A,,A,,A,,A
20171,03603211,8,0,1,D,06,D,2016,D,1,D,,A,108,D,108,D,108,D,108,D,,A,,A
20171,03603211,9,0,2,D,05,D,2016,D,2,D,,A,15,D,15,D,15,D,15,D,,A,,A
20171,03603441,4,0,1,D,12,D,2012,D,2,F,,A,0,D,0,D,0,D,0,D,,A,,A
20171,03603451,14,0,1,D,11,D,2009,D,1,D,,A,110,D,110,D,110,D,110,D,,A,,A
20171,03603451,15,0,2,D,04,D,2008,D,1,D,,A,110,D,110,D,110,D,110,D,,A,,A
20171,03603531,29,0,1,D,10,D,2016,D,2,D,,A,144,D,144,D,144,D,144,D,,A,,A
20171,03603641,9,0,1,D,03,D,2017,D,1,D,,A,70,D,,A,,A,,A,,A,,A
20171,03603641,10,0,2,D,12,D,2005,D,1,D,,A,70,D,70,D,70,D,70,D,,A,,A
20171,03603721,3,0,1,D,01,D,2017,D,1,D,,A,105,F,105,F,,A,,A,,A,,A
20171,03603761,3,0,1,D,12,D,2016,D,1,D,,A,50,F,50,F,50,F,,A,,A,,A
20171,03603821,3,0,1,D,02,D,2016,D,1,D,,A,134,D,134,D,134,D,134,D,,A,,A
20171,03603831,17,0,1,D,11,D,2007,D,1,D,,A,100,D,100,D,100,D,100,D,,A,,A
20171,03603891,7,0,1,D,11,D,2016,D,2,D,,A,0,D,0,D,0,D,0,D,,A,,A
20171,03603911,12,0,1,D,01,D,2017,D,2,D,,A,14,D,14,D,,A,,A,,A,,A
20171,03603911,13,0,2,D,01,D,2017,D,2,D,,A,95,D,95,D,,A,,A,,A,,A
20171,03604171,12,0,1,D,03,D,2006,D,1,D,,A,25,F,25,F,25,F,25,F,,A,,A
20171,03604171,13,0,2,D,12,D,2005,D,1,D,,A,217,F,217,F,217,F,217,F,,A,,A
20171,03604241,13,0,1,D,05,D,2009,D,1,D,,A,28,D,28,D,28,D,28,D,,A,,A
20171,03604261,10,0,3,D,01,D,2016,D,1,D,,A,40,F,40,F,40,F,40,F,,A,,A
20171,03604331,3,0,1,D,01,D,2013,D,1,D,,A,60,D,60,D,60,D,60,D,,A,,A
20171,03604481,9,0,1,D,07,D,2016,D,1,D,,A,121,F,121,F,121,F,121,F,,A,,A
20171,03604481,10,0,2,D,07,D,2016,D,1,D,,A,11,F,11,F,11,F,11,F,,A,,A
20171,03604811,8,0,1,D,01,D,2016,D,2,D,,A,0,D,0,D,0,D,0,D,,A,,A
20171,03604851,17,0,1,D,09,D,2013,D,2,D,,A,0,D,0,D,0,D,0,D,,A,,A
20171,03604851,18,0,2,D,09,D,2013,D,1,D,,A,0,D,0,D,0,D,0,D,,A,,A
20171,03604961,4,0,1,D,07,D,2015,D,2,D,,A,50,D,50,D,50,D,50,D,,A,,A
20171,03604984,3,0,1,D,02,D,2017,D,2,D,,A,0,D,,A,,A,,A,,A,,A
20171,03605081,6,0,1,D,12,D,2005,D,1,D,,A,0,D,0,D,0,D,0,D,,A,,A
20171,03605081,7,0,2,D,12,D,2005,D,2,D,,A,100,D,100,D,100,D,100,D,,A,,A
20171,03605331,5,0,2,D,01,D,2011,D,2,D,,A,54,F,54,F,54,F,54,F,,A,34,F
20171,03605341,7,0,2,D,01,D,2017,D,1,D,,A,30,F,30,F,,A,,A,,A,,A
20171,03605351,3,0,1,D,12,D,2016,D,1,D,,A,71,F,71,F,71,F,,A,,A,,A
20171,03605381,5,0,1,D,03,D,2017,D,2,D,,A,74,D,,A,,A,,A,,A,,A
20171,03605411,7,0,1,D,04,D,2012,D,1,D,,A,50,D,50,D,50,D,50,D,,A,,A
20171,03605481,3,0,1,D,03,D,2017,D,2,F,,A,,C,,A,,A,,A,,A,,A
20171,03605621,4,0,1,D,05,D,2014,D,1,D,,A,300,D,300,D,300,D,300,D,,A,,A
20171,03605701,9,0,2,D,12,D,2016,D,2,D,,A,50,F,50,F,50,F,,A,,A,,A
20171,03605971,12,0,1,D,01,D,2017,D,1,D,,A,14,F,14,F,,A,,A,,A,,A
20171,03605971,13,0,2,D,12,D,2016,D,1,D,,A,400,F,400,F,400,F,,A,,A,,A
20171,03606031,3,0,1,D,05,D,2009,D,2,D,,A,0,D,0,D,0,D,0,D,,A,,A
20171,03606271,9,0,1,D,01,D,2011,D,1,D,,A,0,D,0,D,0,D,0,D,,A,,A
20171,03606361,13,0,1,D,12,D,2005,D,1,D,,A,24,D,24,D,24,D,24,D,,A,,A
20171,03606471,16,0,2,D,02,D,2017,D,1,D,,A,175,D,,A,,A,,A,,A,,A
20171,03606591,3,0,1,D,02,D,2010,D,1,D,,A,104,D,104,D,104,D,104,D,,A,,A
20171,03606881,7,0,2,D,01,D,2017,D,2,F,,A,30,F,30,F,,A,,A,,A,,A
20171,03606881,8,0,3,D,02,D,2017,D,1,F,,A,,C,,A,,A,,A,,A,,A
20171,03606991,4,0,1,D,02,D,2010,D,2,D,,A,0,D,0,D,0,D,0,D,,A,,A
20171,03606991,5,0,2,D,01,D,2012,D,2,D,,A,0,D,0,D,0,D,0,D,,A,,A
20171,03607021,7,0,1,D,03,D,2010,D,1,D,,A,28,F,28,F,28,F,28,F,,A,,A
20171,03607061,6,0,1,D,06,D,2014,D,2,D,,A,50,D,50,D,50,D,50,D,,A,,A
20171,03607081,5,0,1,D,09,D,2010,D,1,D,,A,3,D,3,D,3,D,3,D,,A,,A
20171,03607331,4,0,1,D,05,D,2013,D,1,D,,A,29,D,29,D,29,D,29,D,,A,,A
20171,03607521,6,0,1,D,01,D,2017,D,2,D,,A,17,D,17,D,,A,,A,,A,,A
20171,03607521,7,0,2,D,12,D,2016,D,2,D,,A,69,D,69,D,69,D,,A,,A,,A
20171,03607581,10,0,1,D,02,D,2017,D,1,D,,A,0,D,,A,,A,,A,,A,,A
20171,03607581,11,0,2,D,08,D,2010,D,1,D,,A,0,D,0,D,0,D,0,D,,A,,A
20171,03607971,5,0,1,D,05,D,2015,D,1,D,,A,70,F,70,F,70,F,70,F,,A,,A
20171,03607971,6,0,2,D,01,D,2010,D,1,D,,A,69,F,69,F,69,F,69,F,,A,,A
20171,03608161,5,0,1,D,01,D,2017,D,1,D,,A,15,F,15,F,,A,,A,,A,,A
20171,03608161,6,0,2,D,01,D,2017,D,1,D,,A,63,F,63,F,,A,,A,,A,,A
20171,03608231,26,0,1,D,09,D,2016,D,2,D,,A,0,D,0,D,0,D,0,D,,A,,A
20171,03608271,10,0,1,D,01,D,2017,D,1,D,,A,60,D,60,D,,A,,A,,A,,A
20171,03608351,7,0,1,D,07,D,2015,D,2,D,,A,27,D,27,D,27,D,27,D,,A,,A
20171,03608401,12,0,2,D,04,D,2013,D,1,D,,A,30,D,30,D,30,D,30,D,,A,,A
20171,03608471,7,0,1,D,07,D,2006,D,1,D,,A,60,F,60,F,68,F,68,F,,A,68,F
20171,03608471,8,0,2,D,01,D,2013,D,1,D,,A,59,F,59,F,59,F,59,F,,A,,A
20171,03608491,29,0,1,D,02,D,2017,D,2,D,,A,0,D,,A,,A,,A,,A,,A
20171,03608491,30,0,3,D,03,D,2017,D,1,D,,A,,C,,A,,A,,A,,A,,A
20171,03608511,10,0,2,D,12,D,2005,D,1,D,,A,67,F,67,F,67,F,67,F,,A,,A
20171,03608541,3,0,1,D,01,D,2009,D,1,D,,A,21,F,21,F,21,F,28,F,,A,28,F
20171,03608541,4,0,2,D,01,D,2014,D,1,D,,A,27,F,27,F,27,F,27,F,,A,,A
20171,03608541,5,0,3,D,07,D,2015,D,1,D,,A,24,F,24,F,24,F,24,F,,A,,A
20171,03608621,8,0,2,D,01,D,2014,D,2,D,,A,0,D,0,D,0,D,0,D,,A,,A
20171,03608691,15,0,1,D,04,D,2011,D,1,D,,A,20,F,20,F,20,F,20,F,,A,,A
20171,03608741,6,0,1,D,06,D,2015,D,1,D,,A,38,F,38,F,38,F,38,F,,A,,A
20171,03608781,6,0,1,D,12,D,2015,D,2,D,,A,34,D,34,D,34,D,34,D,,A,,A
20171,03608781,7,0,2,D,04,D,2016,D,1,D,,A,18,D,18,D,18,D,18,D,,A,,A
20171,03608861,3,0,2,D,02,D,2017,D,2,D,,A,0,D,,A,,A,,A,,A,,A
