QYEAR,NEWID,SEQNO,ALCNO,REC_ORIG,PROP_NOH,PROP0NOH,OWNYH,OWNYH_,PAIDLOAN,PAID_OAN,PRIMPLUS,PRIM_LUS,JINTPDX,JINTPDX_,JLCPRINX,JLCP_INX,LOAN_NOH,LOAN0NOH,TOTOWED,TOTOWED_
20171,03386884,26,0,5,01,D,100,D,1,D,0.0525,D,394,F,356,F,01,D,30000,F
20171,03387414,19,0,5,01,D,100,D,1,D,0.0525,D,1050,D,1263,D,01,D,80000,D
20171,03387424,46,0,5,01,D,100,D,1,D,0.0525,D,1877,D,-782,D,01,D,143000,D
20171,03388454,21,0,5,01,D,100,D,1,D,0.0525,D,7,D,1493,D,01,D,551,D
20171,03388674,58,0,5,01,D,100,D,1,D,0.0525,D,60,D,240,D,01,D,4547,D
20171,03388734,65,0,5,01,D,100,D,2,D,0.0525,D,,A,,A,01,D,0,D
20171,03389044,28,0,5,01,D,100,D,2,D,0.0525,D,66,F,-34,F,01,D,5000,F
20171,03389194,8,0,5,01,D,100,D,1,D,0.0525,D,236,D,1564,D,01,D,18000,D
20171,03390624,35,0,5,01,D,100,D,1,D,0.0525,D,59,D,955,D,01,D,4500,D
20171,03390684,30,0,5,01,D,100,D,2,D,0.0525,D,,A,,A,01,D,0,D
20171,03390804,45,0,5,01,D,100,D,1,D,0.0525,D,917,D,1458,D,01,D,69900,D
20171,03391384,16,0,5,01,D,100,D,1,D,0.0525,D,1582,D,47488,T,01,D,120542,D
20171,03391894,29,0,5,01,D,100,D,1,D,0.0525,D,116,D,484,D,01,D,8800,D
20171,03392614,22,0,5,01,D,100,D,1,D,0.0525,D,369,D,171,D,01,D,28150,D
20171,03393814,69,0,5,01,D,100,D,1,D,0.0525,D,2418,D,-1037,D,01,D,184228,D
20171,03394484,34,0,5,01,D,100,D,1,D,0.0525,D,289,D,302,D,01,D,22000,D
20171,03394804,43,0,5,01,D,100,D,1,D,0.0525,D,67,D,683,D,01,D,5086,D
20171,03394864,16,0,5,01,D,100,D,1,D,0.0525,D,381,D,969,D,01,D,29000,D
20171,03394964,22,0,5,01,D,100,D,1,D,0.0525,D,1549,F,2951,F,01,D,118000,F
20171,03395864,52,0,5,01,D,100,D,1,D,0.0525,D,129,D,1296,D,01,D,9800,D
20171,03396194,40,0,5,01,D,100,D,1,D,0.0525,D,879,D,321,D,01,D,67000,D
20171,03396404,42,0,5,01,D,100,D,1,D,0.0525,D,368,D,2632,D,01,D,28000,D
20171,03407914,36,0,5,01,D,100,D,1,D,0.0525,D,341,D,859,D,01,D,26000,D
20171,03408224,28,0,5,01,D,100,D,2,D,0.0525,D,,A,,A,01,D,130000,D
20171,03408514,18,0,5,01,D,100,D,1,D,0.0525,D,236,F,1564,F,01,D,18000,F
20171,03408724,44,0,5,01,D,100,D,1,D,0.0525,D,551,D,1249,D,01,D,42000,D
20171,03409534,42,0,5,01,D,100,D,2,D,0.0525,D,,A,,A,01,D,69000,D
20171,03410054,76,0,5,01,D,100,D,1,D,0.0525,D,180,D,4920,D,01,D,13694,D
20171,03410304,27,0,5,01,D,100,D,1,D,0.0525,D,394,D,1406,D,01,D,30000,D
20171,03410794,27,0,5,01,D,100,D,2,D,0.0525,D,,A,,A,01,D,0,D
20171,03411674,20,0,5,01,D,100,D,1,D,0.0525,D,407,D,574,D,01,D,31000,D
20171,03411734,28,0,5,01,D,100,D,1,D,0.0525,D,585,D,1109,D,01,D,44600,D
20171,03412224,32,0,5,01,D,100,D,2,D,0.0525,D,,A,,A,01,D,195000,D
20171,03412324,22,0,5,01,D,100,D,1,D,0.0525,D,158,D,202,D,01,D,12000,D
20171,03413764,33,0,5,01,D,100,D,1,D,0.0525,D,125,D,175,D,01,D,9500,D
20171,03414094,37,0,5,01,D,100,D,2,D,0.0525,D,,A,,A,01,D,0,D
20171,03414604,29,0,5,01,D,100,D,1,D,0.0525,D,83,D,-50,D,01,D,6300,D
20171,03414644,16,0,5,01,D,100,D,2,D,0.0525,D,,A,,A,01,D,270560,T
20171,03415344,18,0,5,01,D,100,D,1,D,0.0525,D,184,D,296,D,01,D,14000,D
20171,03415434,41,0,5,01,D,100,D,1,D,0.0525,D,322,D,-22,D,01,D,24500,D
20171,03415464,40,0,5,01,D,100,D,1,D,0.0525,D,223,F,377,F,01,D,17000,F
20171,03416054,38,0,5,01,D,100,D,1,D,0.0525,D,171,D,2829,D,01,D,13000,D
20171,03418044,30,0,5,01,D,100,D,1,D,0.0525,D,223,D,377,D,01,D,17000,D
20171,03418474,23,0,5,01,D,100,D,2,D,0.0525,D,1260,F,240,F,01,D,96000,F
20171,03418714,28,0,5,01,D,100,D,2,D,0.0525,D,,A,,A,01,D,0,D
20171,03418714,29,0,5,01,D,100,D,1,D,0.0525,D,433,D,667,D,02,D,33000,D
20171,03419654,14,0,5,01,D,100,D,2,D,0.0525,D,7,F,1493,F,01,D,551,F
20171,03419914,19,0,5,01,D,100,D,1,D,0.0525,D,591,D,909,D,01,D,45000,D
20171,03420054,29,0,5,01,D,100,D,1,D,0.0525,D,1903,D,-703,D,01,D,145000,D
20171,03420964,49,0,5,01,D,100,D,1,D,0.0525,D,473,D,-31,D,01,D,36000,D
20171,03420964,50,0,5,01,D,100,D,2,D,0.0525,D,,A,,A,02,D,0,D
20171,03421604,45,0,5,01,D,100,D,2,D,0.0525,D,,A,,A,01,D,0,D
20171,03421604,46,0,5,01,D,100,D,1,D,0.0525,D,748,D,2252,D,02,D,57000,D
20171,03421634,10,0,5,01,D,100,D,2,D,0.0525,D,,A,,A,01,D,0,D
20171,03422174,38,0,5,01,D,100,D,1,D,0.0525,D,158,D,592,D,01,D,12000,D
20171,03422684,19,0,5,01,D,100,D,2,D,0.0525,D,,A,,A,01,D,5500,D
20171,03422944,63,0,5,01,D,100,D,2,D,0.0525,D,,A,,A,01,D,0,D
20171,03423134,17,0,5,01,D,100,D,1,D,0.0525,D,1444,D,806,D,01,D,110000,D
20171,03423204,27,0,5,01,D,100,D,2,D,0.0525,D,,A,,A,01,D,0,D
20171,03424114,20,0,5,01,D,100,D,,C,0.0525,D,551,F,-101,F,01,D,42000,F
20171,03424674,27,0,5,01,D,100,D,2,D,0.0525,D,459,F,276,F,01,D,35000,F
20171,03425514,11,0,1,01,D,100,D,1,D,0.0525,D,184,F,296,F,01,D,14000,F
20171,03425544,38,0,5,01,D,100,D,1,D,0.0525,D,263,D,362,D,01,D,20000,D
20171,03425554,21,0,5,01,D,100,D,,C,0.0525,D,656,F,319,F,01,D,50000,F
20171,03426514,21,0,5,01,D,100,D,2,D,0.0525,D,,A,,A,01,D,32000,D
20171,03426984,33,0,5,01,D,100,D,1,D,0.0525,D,184,D,1416,D,01,D,14000,D
20171,03427204,28,0,5,01,D,100,D,2,D,0.0525,D,,A,,A,01,D,0,D
20171,03427354,23,0,5,01,D,100,D,1,D,0.0525,D,394,D,206,D,01,D,30000,D
20171,03428174,33,0,5,01,D,100,D,1,D,0.0525,D,37,F,1100,F,01,D,2800,F
20171,03428404,13,0,5,01,D,100,D,1,D,0.0525,D,40,F,260,F,01,D,3066,F
20171,03440093,35,0,5,01,D,100,D,1,D,0.0525,D,236,D,1264,D,01,D,18000,D
20171,03440693,18,0,5,01,D,100,D,1,D,0.0525,D,53,F,547,F,01,D,4000,F
20171,03441113,27,0,5,01,D,100,D,1,D,0.0525,D,302,D,298,D,01,D,23000,D
20171,03441863,26,0,5,01,D,100,D,1,D,0.0525,D,98,D,403,D,01,D,7500,D
20171,03442293,19,0,5,01,D,100,D,2,D,0.0525,D,,A,,A,01,D,270560,T
20171,03442363,60,0,5,01,D,100,D,2,D,0.0525,D,,A,,A,01,D,0,D
20171,03442963,33,0,5,01,D,100,D,1,D,0.0525,D,987,D,2100,D,01,D,75186,D
20171,03443053,29,0,5,01,D,100,D,2,D,0.0525,D,368,F,2632,F,01,D,28000,F
20171,03443313,22,0,5,01,D,100,D,2,D,0.0525,D,,A,,A,01,D,0,D
20171,03443323,19,0,5,01,D,100,D,1,D,0.0525,D,50,D,1633,D,01,D,3800,D
20171,03444043,24,0,5,01,D,100,D,2,D,0.0525,D,,A,,A,01,D,0,D
20171,03444283,28,0,5,01,D,100,D,1,D,0.0525,D,538,D,5962,D,01,D,41000,D
20171,03444433,41,0,5,01,D,100,D,1,D,0.0525,D,176,D,1390,D,01,D,13437,D
20171,03444643,26,0,5,01,D,100,D,1,D,0.0525,D,368,D,2878,D,01,D,28000,D
20171,03444843,36,0,5,01,D,100,D,2,D,0.0525,D,748,F,2252,F,01,D,57000,F
20171,03445553,33,0,5,01,D,100,D,1,D,0.0525,D,1116,D,-807,D,01,D,85000,D
20171,03446013,31,0,5,01,D,100,D,1,D,0.0525,D,1219,D,3752,D,01,D,92900,D
20171,03446563,23,0,5,01,D,100,D,1,D,0.0525,D,104,D,46,D,01,D,7900,D
20171,03447323,46,0,5,01,D,100,D,1,D,0.0525,D,551,D,-101,D,01,D,42000,D
20171,03447373,21,0,5,01,D,100,D,2,D,0.0525,D,,A,,A,01,D,0,D
20171,03448003,20,0,5,01,D,100,D,1,D,0.0525,D,1037,F,-428,F,01,D,79000,F
20171,03448203,18,0,5,01,D,100,D,2,D,0.0525,D,,A,,A,01,D,0,D
20171,03448733,42,0,5,01,D,100,D,2,D,0.0525,D,,A,,A,01,D,0,D
20171,03449403,23,0,5,01,D,100,D,2,D,0.0525,D,263,F,487,F,01,D,20000,F
20171,03449723,29,0,5,01,D,100,D,1,D,0.0525,D,66,D,-34,D,01,D,5000,D
20171,03450233,47,0,5,01,D,100,D,1,D,0.0525,D,328,D,644,D,01,D,25000,D
20171,03450593,63,0,5,01,D,100,D,2,D,0.0525,D,,A,,A,01,D,0,D
20171,03450653,18,0,5,01,D,100,D,1,D,0.0525,D,66,D,534,D,01,D,5000,D
20171,03461013,21,0,5,01,D,100,D,2,D,0.0525,D,,A,,A,01,D,0,D
20171,03461293,18,0,5,01,D,100,D,2,D,0.0525,D,,A,,A,01,D,0,D
20171,03461833,45,0,5,01,D,100,D,1,D,0.0525,D,125,D,175,D,01,D,9500,D
20171,03461853,40,0,5,01,D,100,D,1,D,0.0525,D,1549,D,2951,D,01,D,118000,D
20171,03461943,34,0,5,01,D,100,D,1,D,0.0525,D,144,D,306,D,01,D,11000,D
20171,03462983,34,0,5,01,D,100,D,2,D,0.0525,D,,A,,A,01,D,270560,T
20171,03464843,17,0,5,01,D,100,D,1,D,0.0525,D,1824,D,1176,D,01,D,139000,D
20171,03464913,13,0,1,01,D,100,D,2,D,0.0525,D,,A,,A,01,D,0,D
20171,03465063,76,0,5,01,D,100,D,1,D,0.0525,D,79,D,521,D,01,D,6000,D
20171,03465203,32,0,5,01,D,100,D,1,D,0.0525,D,223,D,1277,D,01,D,16971,D
20171,03465273,56,0,5,01,D,100,D,1,D,0.0525,D,221,D,1429,D,01,D,16800,D
20171,03465303,69,0,5,01,D,100,D,1,D,0.0525,D,110,D,1090,D,01,D,8412,D
20171,03465883,44,0,5,01,D,100,D,2,D,0.0525,D,105,F,795,F,01,D,8000,F
20171,03467223,31,0,5,01,D,100,D,2,D,0.0525,D,,A,,A,01,D,0,D
20171,03467413,24,0,5,01,D,100,D,1,D,0.0525,D,37,D,1100,D,01,D,2800,D
20171,03467483,21,0,5,01,D,100,D,1,D,0.0525,D,499,D,251,D,01,D,38000,D
20171,03468733,21,0,5,01,D,100,D,1,D,0.0525,D,32,D,448,D,01,D,2433,D
20171,03469393,11,0,5,01,D,100,D,2,D,0.0525,D,319,F,365,F,01,D,24280,F
20171,03469493,30,0,5,01,D,100,D,1,D,0.0525,D,263,D,1087,D,01,D,20000,D
20171,03470083,56,0,5,01,D,100,D,1,D,0.0525,D,263,D,1237,D,01,D,20000,D
20171,03471123,22,0,5,01,D,100,D,1,D,0.0525,D,459,D,-369,D,01,D,35000,D
20171,03492533,27,0,5,01,D,100,D,1,D,0.0525,D,39,D,681,D,01,D,3000,D
20171,03492903,31,0,5,01,D,100,D,1,D,0.0525,D,176,F,1390,F,01,D,13437,F
20171,03493173,30,0,5,01,D,100,D,1,D,0.0525,D,613,D,1541,D,01,D,46700,D
20171,03493923,38,0,5,01,D,100,D,1,D,0.0525,D,237,D,663,D,01,D,18083,D
20171,03494813,55,0,5,01,D,100,D,1,D,0.0525,D,315,D,-15,D,01,D,24000,D
20171,03494813,56,0,5,02,D,200,D,2,D,0.0525,D,,A,,A,01,D,125000,D
20171,03495023,30,0,5,01,D,100,D,1,D,0.0525,D,919,D,-28,D,01,D,70000,D
20171,03495423,18,0,5,01,D,100,D,1,D,0.0525,D,656,D,844,D,01,D,50000,D
20171,03495673,42,0,5,01,D,100,D,1,D,0.0525,D,281,D,-93,D,01,D,21438,D
20171,03495923,25,0,5,01,D,100,D,1,D,0.0525,D,333,D,42,D,01,D,25358,D
20171,03496273,39,0,5,01,D,100,D,1,D,0.0525,D,184,D,5816,D,01,D,14000,D
20171,03496623,30,0,5,01,D,100,D,2,D,0.0525,D,,A,,A,01,D,0,D
20171,03496723,20,0,5,01,D,100,D,1,D,0.0525,D,683,D,217,D,01,D,52000,D
20171,03496803,33,0,5,01,D,100,D,1,D,0.0525,D,1,D,79,D,01,D,80,D
20171,03496853,36,0,5,01,D,100,D,1,D,0.0525,D,1181,D,1133,D,01,D,90000,D
20171,03496983,27,0,5,01,D,100,D,1,D,0.0525,D,72,D,303,D,01,D,5500,D
20171,03497343,12,0,5,01,D,100,D,2,D,0.0525,D,158,F,202,F,01,D,12000,F
20171,03498243,16,0,5,01,D,100,D,1,D,0.0525,D,223,F,777,F,01,D,17000,F
20171,03498913,32,0,5,01,D,100,D,2,D,0.0525,D,,A,,A,01,D,52000,D
20171,03499063,46,0,5,01,D,100,D,1,D,0.0525,D,394,D,851,D,01,D,30000,D
20171,03499373,19,0,5,01,D,100,D,2,D,0.0525,D,,A,,A,01,D,11000,D
20171,03500263,33,0,5,01,D,100,D,1,D,0.0525,D,525,D,-25,D,01,D,40000,D
20171,03500443,54,0,5,01,D,100,D,1,D,0.0525,D,53,D,1473,D,01,D,4000,D
20171,03501813,25,0,5,01,D,100,D,1,D,0.0525,D,505,D,305,D,01,D,38500,D
20171,03502073,33,0,5,01,D,100,D,2,D,0.0525,D,,A,,A,01,D,156000,D
20171,03504142,20,0,5,01,D,100,D,1,D,0.0525,D,236,D,-95,D,01,D,18000,D
20171,03504402,36,0,5,01,D,100,D,1,D,0.0525,D,643,D,57,D,01,D,49000,D
20171,03504752,31,0,5,01,D,100,D,1,D,0.0525,D,17,D,1483,D,01,D,1300,D
20171,03506302,28,0,5,01,D,100,D,1,D,0.0525,D,689,D,451,D,01,D,52500,D
20171,03506782,35,0,5,01,D,100,D,1,D,0.0525,D,66,D,534,D,01,D,5000,D
20171,03507392,44,0,5,01,D,100,D,1,D,0.0525,D,4667,D,47488,T,01,D,270560,T
20171,03508412,18,0,5,01,D,100,D,2,D,0.0525,D,,A,,A,01,D,0,D
20171,03508472,39,0,5,01,D,100,D,1,D,0.0525,D,600,D,1500,D,01,D,45681,D
20171,03509134,37,0,5,02,D,200,D,1,D,0.0525,D,236,D,964,D,01,D,18000,D
20171,03511002,20,0,5,01,D,100,D,1,D,0.0525,D,0,D,0,D,01,D,0,D
20171,03511212,21,0,5,01,D,100,D,1,D,0.0525,D,459,D,393,D,01,D,35000,D
20171,03511612,35,0,5,01,D,100,D,1,D,0.0525,D,1260,D,240,D,01,D,96000,D
20171,03511682,49,0,5,01,D,100,D,1,D,0.0525,D,223,D,777,D,01,D,17000,D
20171,03511922,13,0,5,01,D,100,D,1,D,0.0525,D,1181,F,2719,F,01,D,90000,F
20171,03512822,33,0,5,01,D,100,D,1,D,0.0525,D,2590,F,2147,F,01,D,270560,V
20171,03513062,41,0,5,01,D,100,D,1,D,0.0525,D,2389,D,-589,D,01,D,182000,D
20171,03513152,14,0,5,01,D,100,D,1,D,0.0525,D,761,D,-161,D,01,D,58000,D
20171,03525182,61,0,5,01,D,100,D,1,D,0.0525,D,3958,D,157,D,01,D,270560,T
20171,03525822,29,0,5,01,D,100,D,1,D,0.0525,D,1142,D,11422,D,01,D,87000,D
20171,03526452,23,0,5,01,D,100,D,1,D,0.0525,D,459,D,276,D,01,D,35000,D
20171,03526692,16,0,5,01,D,100,D,2,D,0.0525,D,,A,,A,01,D,0,D
20171,03527392,37,0,5,01,D,100,D,2,D,0.0525,D,,A,,A,01,D,18000,D
20171,03527682,26,0,5,01,D,100,D,1,D,0.0525,D,3938,F,-338,F,01,D,270560,V
20171,03529782,23,0,5,01,D,100,D,1,D,0.0525,D,2625,F,2475,F,01,D,270560,V
20171,03530322,25,0,5,01,D,100,D,1,D,0.0525,D,40,D,260,D,01,D,3066,D
20171,03530442,11,0,1,01,D,100,D,1,D,0.0525,D,118,F,32,F,01,D,9000,F
20171,03532162,38,0,5,01,D,100,D,1,D,0.0525,D,2590,D,2147,D,01,D,270560,T
20171,03532682,40,0,5,01,D,100,D,1,D,0.0525,D,29,D,-14,D,01,D,2200,D
20171,03532702,31,0,5,01,D,100,D,2,D,0.0525,D,236,F,364,F,01,D,18000,F
20171,03533002,26,0,5,01,D,100,D,1,D,0.0525,D,368,D,982,D,01,D,28000,D
20171,03533712,19,0,5,01,D,100,D,1,D,0.0525,D,0,D,0,D,01,D,0,D
20171,03534172,23,0,5,01,D,100,D,1,D,0.0525,D,1628,D,5372,D,01,D,124000,D
20171,03534252,45,0,5,01,D,100,D,2,D,0.0525,D,,A,,A,01,D,40623,D
20171,03534602,35,0,5,01,D,100,D,1,D,0.0525,D,324,D,321,D,01,D,24655,D
20171,03545532,27,0,5,01,D,100,D,1,D,0.0525,D,705,D,-130,D,01,D,53718,D
20171,03546092,32,0,5,01,D,100,D,1,D,0.0525,D,24,D,5976,D,01,D,1800,D
20171,03546812,27,0,5,01,D,100,D,1,D,0.0525,D,45,D,555,D,01,D,3400,D
20171,03546832,26,0,1,01,D,100,D,2,D,0.0525,D,,A,,A,01,D,165000,D
20171,03547312,26,0,5,01,D,100,D,1,D,0.0525,D,593,D,764,D,01,D,45170,D
20171,03547722,14,0,1,01,D,100,D,1,D,0.0525,D,74,F,526,F,01,D,5600,F
20171,03548342,30,0,5,01,D,100,D,1,D,0.0525,D,433,D,-31,D,01,D,33000,D
20171,03548462,53,0,5,01,D,100,D,1,D,0.0525,D,319,D,365,D,01,D,24280,D
20171,03549282,20,0,5,01,D,100,D,1,D,0.0525,D,551,D,79,D,01,D,42000,D
20171,03549422,22,0,5,01,D,100,D,1,D,0.0525,D,486,D,1032,D,01,D,37000,D
20171,03549932,22,0,5,01,D,100,D,1,D,0.0525,D,1168,D,1082,D,01,D,89000,D
20171,03550822,25,0,5,01,D,100,D,1,D,0.0525,D,328,D,296,D,01,D,25000,D
20171,03551212,28,0,1,01,D,100,D,1,D,0.0525,D,486,F,1032,F,01,D,37000,F
20171,03551382,12,0,1,01,D,100,D,1,D,0.0525,D,801,D,-51,D,01,D,61000,D
20171,03551952,22,0,5,01,D,100,D,1,D,0.0525,D,659,D,790,D,01,D,50230,D
20171,03552142,30,0,5,01,D,100,D,1,D,0.0525,D,108,D,928,D,01,D,8266,D
20171,03552212,6,0,1,01,D,100,D,2,D,0.0525,D,585,F,1109,F,01,D,44600,F
20171,03552582,22,0,5,01,D,100,D,1,D,0.0525,D,276,D,-11,D,01,D,21000,D
20171,03553262,26,0,5,01,D,100,D,1,D,0.0525,D,118,D,32,D,01,D,9000,D
20171,03553272,28,0,5,01,D,100,D,2,D,0.0525,D,369,F,171,F,01,D,28150,F
20171,03553412,19,0,5,01,D,100,D,2,D,0.0525,D,,A,,A,01,D,0,D
20171,03553642,25,0,5,01,D,100,D,1,D,0.0525,D,656,D,994,D,01,D,50000,D
20171,03553732,17,0,5,01,D,100,D,1,D,0.0525,D,1273,F,530,F,01,D,97000,F
20171,03554172,31,0,5,01,D,100,D,1,D,0.0525,D,315,D,6885,D,01,D,24000,D
20171,03554622,16,0,1,01,D,100,D,1,D,0.0525,D,328,F,4172,F,01,D,25000,F
20171,03555122,21,0,5,01,D,100,D,1,D,0.0525,D,1076,D,3998,D,01,D,82000,D
20171,03555562,16,0,5,01,D,100,D,1,D,0.0525,D,2349,D,-1647,T,01,D,179000,D
20171,03566971,17,0,1,01,D,100,D,1,D,0.0525,D,394,F,-4,F,01,D,30000,F
20171,03568501,23,0,1,01,D,100,D,1,D,0.0525,D,1181,D,2719,D,01,D,90000,D
20171,03568581,28,0,1,01,D,100,D,2,D,0.0525,D,,A,,A,01,D,0,D
20171,03570901,37,0,1,01,D,100,D,1,D,0.0525,D,1454,D,1681,D,01,D,110795,D
20171,03571361,30,0,1,01,D,100,D,1,D,0.0525,D,302,D,148,D,01,D,23000,D
20171,03571891,38,0,1,01,D,100,D,1,D,0.0525,D,223,D,452,D,01,D,17000,D
20171,03572191,33,0,1,01,D,100,D,1,D,0.0525,D,1693,D,1307,D,01,D,129000,D
20171,03572281,34,0,1,01,D,100,D,1,D,0.0525,D,66,D,92,D,01,D,5000,D
20171,03572721,16,0,1,01,D,100,D,,C,0.0525,D,,A,,A,01,D,110000,D
20171,03572771,17,0,1,01,D,100,D,1,D,0.0525,D,249,D,2151,D,01,D,19000,D
20171,03573211,22,0,1,01,D,100,D,1,D,0.0525,D,328,D,4172,D,01,D,25000,D
20171,03573301,20,0,1,01,D,100,D,1,D,0.0525,D,263,D,1237,D,01,D,20000,D
20171,03573351,16,0,1,01,D,100,D,1,D,0.0525,D,249,D,751,D,01,D,18975,D
20171,03573421,37,0,1,01,D,400,D,2,D,0.0525,D,,A,,A,01,D,,T
20171,03573641,10,0,1,01,D,100,D,1,D,0.0525,D,1116,D,-216,D,01,D,85000,D
20171,03573771,9,0,1,01,D,100,D,1,D,0.0525,D,0,D,0,D,01,D,0,D
20171,03573961,26,0,1,01,D,100,D,2,D,0.0525,D,,A,,A,01,D,0,D
20171,03575011,26,0,1,01,D,100,D,1,D,0.0525,D,251,D,1549,D,01,D,19100,D
20171,03575981,31,0,1,01,D,100,D,1,D,0.0525,D,328,D,142,D,01,D,25000,D
20171,03576861,12,0,1,01,D,100,D,2,D,0.0525,D,,A,,A,01,D,1,D
20171,03577091,16,0,1,01,D,100,D,1,D,0.0525,D,236,D,164,D,01,D,18000,D
20171,03587821,20,0,1,01,D,100,D,1,D,0.0525,D,601,D,279,D,01,D,45800,D
20171,03588281,20,0,1,01,D,100,D,1,D,0.0525,D,302,D,394,D,01,D,23000,D
20171,03588451,18,0,1,01,D,100,D,2,D,0.0525,D,,A,,A,01,D,0,D
20171,03589121,37,0,1,01,D,100,D,1,D,0.0525,D,3938,D,-338,D,01,D,270560,T
20171,03589491,25,0,1,01,D,100,D,2,D,0.0525,D,,A,,A,01,D,42000,D
20171,03589721,22,0,1,01,D,100,D,1,D,0.0525,D,591,D,9,D,01,D,45000,D
20171,03590071,18,0,1,01,D,100,D,1,D,0.0525,D,53,D,697,D,01,D,4073,D
20171,03590121,17,0,1,01,D,100,D,1,D,0.0525,D,236,D,364,D,01,D,18000,D
20171,03590191,22,0,1,01,D,100,D,1,D,0.0525,D,656,D,1444,D,01,D,50000,D
20171,03590651,15,0,1,01,D,100,D,1,D,0.0525,D,263,D,487,D,01,D,20000,D
20171,03590661,23,0,1,01,D,100,D,1,D,0.0525,D,1037,D,-428,D,01,D,79000,D
20171,03590831,42,0,1,01,D,100,D,2,D,0.0525,D,,A,,A,01,D,5800,D
20171,03591041,18,0,1,01,D,100,D,1,D,0.0525,D,368,F,605,F,01,D,28000,F
20171,03591121,28,0,1,01,D,100,D,1,D,0.0525,D,2428,D,47488,T,01,D,185000,D
20171,03591241,15,0,1,01,D,100,D,1,D,0.0525,D,105,D,795,D,01,D,8000,D
20171,03591971,31,0,1,01,D,100,D,2,D,0.0525,D,,A,,A,01,D,0,D
20171,03593321,21,0,1,01,D,100,D,1,D,0.0525,D,38,D,1762,D,01,D,2900,D
20171,03593991,33,0,1,01,D,100,D,1,D,0.0525,D,1273,D,530,D,01,D,97000,D
20171,03594021,13,0,1,01,D,100,D,1,D,0.0525,D,394,D,-4,D,01,D,30000,D
20171,03595161,9,0,1,01,D,100,D,1,D,0.0525,D,394,D,356,D,01,D,30000,D
20171,03595761,42,0,1,01,D,100,D,1,D,0.0525,D,2336,D,2044,D,01,D,178000,D
20171,03595994,28,0,1,01,D,100,D,1,D,0.0525,D,74,D,526,D,01,D,5600,D
20171,03596671,16,0,1,01,D,100,D,1,D,0.0525,D,840,D,860,D,01,D,64000,D
20171,03597831,11,0,1,01,D,100,D,1,D,0.0525,D,656,D,319,D,01,D,50000,D
20171,03598091,27,0,1,01,D,100,D,1,D,0.0525,D,341,D,185,D,01,D,26000,D
20171,03599981,25,0,1,01,D,100,D,1,D,0.0525,D,394,D,506,D,01,D,30000,D
20171,03601401,24,0,1,01,D,100,D,1,D,0.0525,D,1155,D,1845,D,01,D,88000,D
20171,03601801,29,0,1,01,D,100,D,1,D,0.0525,D,158,D,1342,D,01,D,12000,D
20171,03603171,10,0,1,01,D,100,D,1,D,0.0525,D,368,D,605,D,01,D,28000,D
20171,03603391,40,0,1,01,D,100,D,1,D,0.0525,D,158,D,442,D,01,D,12000,D
20171,03603511,8,0,1,01,D,100,D,1,D,0.0525,D,2625,D,2475,D,01,D,270560,T
20171,03603581,46,0,1,01,D,100,D,1,D,0.0525,D,1165,D,1085,D,01,D,88750,D
20171,03604541,18,0,1,01,D,100,D,1,D,0.0525,D,53,D,1147,D,01,D,4000,D
20171,03604851,36,0,1,01,D,100,D,1,D,0.0525,D,1076,F,3998,F,01,D,82000,F
20171,03604881,31,0,1,01,D,100,D,1,D,0.0525,D,249,D,-49,D,01,D,19000,D
20171,03605991,17,0,1,01,D,100,D,1,D,0.0525,D,144,D,2856,D,01,D,11000,D
20171,03606141,33,0,1,01,D,100,D,1,D,0.0525,D,53,D,3947,D,01,D,4000,D
20171,03606181,15,0,1,01,D,100,D,1,D,0.0525,D,6,D,444,D,01,D,450,D
20171,03606301,45,0,1,01,D,100,D,1,D,0.0525,D,53,D,1047,D,01,D,4000,D
20171,03607131,22,0,1,01,D,100,D,1,D,0.0525,D,49,D,2301,D,01,D,3750,D
20171,03608441,41,0,1,01,D,100,D,1,D,0.0525,D,1109,D,1159,D,01,D,84500,D
20171,03608541,11,0,1,01,D,100,D,1,D,0.0525,D,53,D,547,D,01,D,4000,D
20171,03608691,24,0,1,01,D,100,D,1,D,0.0525,D,223,D,617,D,01,D,17000,D
20172,03440094,33,0,5,01,D,100,D,1,D,0.0550,D,193,D,2807,D,01,D,14000,D
20172,03440344,20,0,5,01,D,100,D,1,D,0.0550,D,261,D,639,D,01,D,19000,D
20172,03440694,20,0,5,01,D,100,D,1,D,0.0550,D,723,D,-294,D,01,D,52602,D
20172,03441114,25,0,5,01,D,100,D,1,D,0.0550,D,1911,F,1089,F,01,D,139000,F
20172,03441864,24,0,5,01,D,100,D,1,D,0.0550,D,107,D,373,D,01,D,7800,D
20172,03442364,44,0,5,01,D,100,D,2,D,0.0550,D,,A,,A,01,D,0,D
20172,03442964,19,0,5,01,D,100,D,2,D,0.0550,D,,A,,A,01,D,0,D
20172,03443054,31,0,5,01,D,100,D,2,D,0.0550,D,2475,F,47488,V,01,D,180000,F
20172,03443314,18,0,5,01,D,100,D,1,D,0.0550,D,327,D,1273,D,01,D,23800,D
20172,03443324,19,0,5,01,D,100,D,1,D,0.0550,D,55,D,445,D,01,D,4000,D
20172,03444044,18,0,5,01,D,100,D,2,D,0.0550,D,,A,,A,01,D,0,D
20172,03444284,26,0,5,01,D,100,D,1,D,0.0550,D,495,D,1005,D,01,D,36000,D
20172,03444434,33,0,5,01,D,100,D,1,D,0.0550,D,151,D,1477,D,01,D,11000,D
20172,03444634,20,0,1,01,D,100,D,1,D,0.0550,D,1128,D,372,D,01,D,82000,D
20172,03444644,26,0,5,01,D,100,D,2,D,0.0550,D,,A,,A,01,D,20000,D
20172,03444844,36,0,5,01,D,100,D,2,D,0.0550,D,715,F,437,F,01,D,52000,F
20172,03445554,34,0,5,01,D,100,D,1,D,0.0550,D,151,D,173,D,01,D,11000,D
20172,03446014,21,0,5,01,D,100,D,1,D,0.0550,D,206,F,499,F,01,D,15000,F
20172,03446174,19,0,5,01,D,100,D,1,D,0.0550,D,1128,D,-318,D,01,D,82000,D
20172,03446564,22,0,5,01,D,100,D,1,D,0.0550,D,107,D,7693,D,01,D,7800,D
20172,03446864,18,0,5,01,D,100,D,1,D,0.0550,D,1444,D,-1144,D,01,D,105000,D
20172,03447324,39,0,5,01,D,100,D,1,D,0.0550,D,591,D,-12,D,01,D,43000,D
20172,03447494,30,0,5,01,D,100,D,1,D,0.0550,D,330,D,1470,D,01,D,24000,D
20172,03448004,22,0,5,01,D,100,D,1,D,0.0550,D,303,F,1197,F,01,D,22000,F
20172,03448204,18,0,5,01,D,100,D,2,D,0.0550,D,,A,,A,01,D,0,D
20172,03448734,36,0,5,01,D,100,D,2,D,0.0550,D,,A,,A,01,D,0,D
20172,03449404,23,0,5,01,D,100,D,2,D,0.0550,D,344,F,256,F,01,D,25000,F
20172,03449724,25,0,5,01,D,100,D,1,D,0.0550,D,69,D,-42,D,01,D,5000,D
20172,03450234,39,0,5,01,D,100,D,1,D,0.0550,D,344,D,643,D,01,D,25000,D
20172,03450594,36,0,5,01,D,100,D,2,D,0.0550,D,,A,,A,01,D,0,D
20172,03450654,19,0,5,01,D,100,D,1,D,0.0550,D,62,D,538,D,01,D,4500,D
20172,03461014,21,0,5,01,D,100,D,1,D,0.0550,D,344,D,256,D,01,D,25000,D
20172,03461144,20,0,5,01,D,100,D,1,D,0.0550,D,275,D,-75,D,01,D,20000,D
20172,03461294,17,0,5,01,D,100,D,2,D,0.0550,D,,A,,A,01,D,0,D
20172,03461834,39,0,5,01,D,100,D,1,D,0.0550,D,136,D,-16,D,01,D,9900,D
20172,03461854,37,0,5,01,D,100,D,1,D,0.0550,D,1760,D,2140,D,01,D,128000,D
20172,03461944,31,0,5,01,D,100,D,1,D,0.0550,D,179,D,47488,T,01,D,13000,D
20172,03462984,33,0,5,01,D,100,D,1,D,0.0550,D,756,D,2094,D,01,D,55000,D
20172,03464474,12,0,5,01,D,100,D,2,D,0.0550,D,289,F,11,F,01,D,21000,F
20172,03464844,16,0,5,01,D,100,D,1,D,0.0550,D,1911,D,1089,D,01,D,139000,D
20172,03465004,34,0,5,01,D,100,D,1,D,0.0550,D,3,D,597,D,01,D,252,D
20172,03465064,64,0,5,01,D,100,D,1,D,0.0550,D,85,D,3915,D,01,D,6200,D
20172,03465204,27,0,5,01,D,100,D,1,D,0.0550,D,7,D,477,D,01,D,484,D
20172,03465284,27,0,5,01,D,100,D,1,D,0.0550,D,440,D,760,D,01,D,32000,D
20172,03465304,52,0,5,01,D,100,D,1,D,0.0550,D,97,D,1103,D,01,D,7040,D
20172,03465884,31,0,5,01,D,100,D,1,D,0.0550,D,1169,D,-119,D,01,D,85000,D
20172,03467224,20,0,5,01,D,100,D,2,D,0.0550,D,,A,,A,01,D,0,D
20172,03467414,20,0,5,01,D,100,D,1,D,0.0550,D,18,D,2082,D,01,D,1323,D
20172,03467484,18,0,5,01,D,100,D,1,D,0.0550,D,550,D,200,D,01,D,40000,D
20172,03468164,54,0,5,01,D,100,D,1,D,0.0550,D,165,D,4835,D,01,D,12000,D
20172,03468444,18,0,5,01,D,100,D,2,D,0.0550,D,,A,,A,01,D,0,D
20172,03468734,20,0,5,01,D,100,D,1,D,0.0550,D,11,D,1189,D,01,D,800,D
20172,03469394,9,0,5,01,D,100,D,2,D,0.0550,D,248,F,1118,F,01,D,18000,F
20172,03469494,30,0,5,01,D,100,D,1,D,0.0550,D,268,D,1082,D,01,D,19500,D
20172,03470084,47,0,5,01,D,100,D,1,D,0.0550,D,440,D,1060,D,01,D,32000,D
20172,03471124,21,0,5,01,D,100,D,1,D,0.0550,D,523,D,167,D,01,D,38000,D
20172,03492534,17,0,5,01,D,100,D,1,D,0.0550,D,69,D,681,D,01,D,5000,D
20172,03492904,33,0,5,01,D,100,D,1,D,0.0550,D,614,F,1540,F,01,D,44628,F
20172,03493174,18,0,5,01,D,100,D,1,D,0.0550,D,614,D,1540,D,01,D,44628,D
20172,03493444,22,0,5,01,D,100,D,1,D,0.0550,D,0,D,15,D,01,D,15,D
20172,03493924,26,0,5,01,D,100,D,1,D,0.0550,D,220,D,830,D,01,D,16000,D
20172,03494814,44,0,5,01,D,100,D,1,D,0.0550,D,1492,D,608,D,01,D,108500,D
20172,03494814,45,0,5,02,D,200,D,2,D,0.0550,D,,A,,A,01,D,125000,D
20172,03495024,26,0,5,01,D,100,D,1,D,0.0550,D,172,F,12328,F,01,D,12500,F
20172,03495424,15,0,5,01,D,100,D,1,D,0.0550,D,894,D,711,D,01,D,65000,D
20172,03495674,37,0,5,01,D,100,D,1,D,0.0550,D,295,D,-99,D,01,D,21438,D
20172,03495924,24,0,5,01,D,100,D,1,D,0.0550,D,468,D,-93,D,01,D,34000,D
20172,03496274,32,0,5,01,D,100,D,1,D,0.0550,D,165,D,2835,D,01,D,12000,D
20172,03496624,28,0,5,01,D,100,D,2,D,0.0550,D,,A,,A,01,D,1000,D
20172,03496724,22,0,5,01,D,100,D,1,D,0.0550,D,715,D,285,D,01,D,52000,D
20172,03496804,23,0,5,01,D,100,D,2,D,0.0550,D,,A,,A,01,D,0,D
20172,03496854,39,0,5,01,D,100,D,1,D,0.0550,D,413,D,936,D,01,D,30000,D
20172,03496984,30,0,5,01,D,100,D,1,D,0.0550,D,73,D,499,D,01,D,5300,D
20172,03498094,28,0,5,01,D,100,D,2,D,0.0550,D,,A,,A,01,D,19000,D
20172,03498244,14,0,5,01,D,100,D,2,D,0.0550,D,10,F,740,F,01,D,700,F
20172,03498914,31,0,5,01,D,100,D,2,D,0.0550,D,,A,,A,01,D,55000,D
20172,03499064,49,0,5,01,D,100,D,1,D,0.0550,D,413,D,832,D,01,D,30000,D
20172,03499374,18,0,5,01,D,100,D,1,D,0.0550,D,1884,D,-1647,T,01,D,137000,D
20172,03500264,26,0,5,01,D,100,D,1,D,0.0550,D,550,D,50,D,01,D,40000,D
20172,03500444,45,0,5,01,D,100,D,1,D,0.0550,D,43,D,1487,D,01,D,3100,D
20172,03501054,35,0,5,01,D,100,D,2,D,0.0550,D,,A,,A,01,D,0,D
20172,03501814,25,0,5,01,D,100,D,1,D,0.0550,D,523,D,302,D,01,D,38000,D
20172,03502074,27,0,5,01,D,100,D,2,D,0.0550,D,,A,,A,01,D,155000,D
20172,03504103,22,0,5,01,D,100,D,2,D,0.0550,D,,A,,A,01,D,0,D
20172,03504143,12,0,5,01,D,100,D,1,D,0.0550,D,416,F,-28,F,01,D,30231,F
20172,03504403,37,0,5,01,D,100,D,2,D,0.0550,D,,A,,A,01,D,35000,D
20172,03504753,32,0,5,01,D,100,D,1,D,0.0550,D,303,D,1197,D,01,D,22000,D
20172,03506303,41,0,5,01,D,100,D,1,D,0.0550,D,715,D,437,D,01,D,52000,D
20172,03506783,28,0,5,01,D,100,D,1,D,0.0550,D,48,D,552,D,01,D,3500,D
20172,03507393,42,0,5,01,D,100,D,2,D,0.0550,D,,A,,A,01,D,0,D
20172,03508413,24,0,5,01,D,100,D,2,D,0.0550,D,,A,,A,01,D,18500,D
20172,03508473,28,0,5,01,D,100,D,2,D,0.0550,D,688,F,1562,F,01,D,50000,F
20172,03511003,23,0,5,01,D,100,D,2,D,0.0550,D,,A,,A,01,D,0,D
20172,03511613,27,0,5,01,D,100,D,1,D,0.0550,D,1334,D,166,D,01,D,97000,D
20172,03511683,42,0,5,01,D,100,D,2,D,0.0550,D,,A,,A,01,D,0,D
20172,03511923,10,0,5,01,D,100,D,1,D,0.0550,D,1238,F,-238,F,01,D,90000,F
20172,03512823,30,0,5,01,D,100,D,1,D,0.0550,D,1224,F,706,F,01,D,89000,F
20172,03513063,29,0,5,01,D,100,D,1,D,0.0550,D,2475,D,-675,D,01,D,180000,D
20172,03513153,12,0,5,01,D,100,D,1,D,0.0550,D,798,D,102,D,01,D,58000,D
20172,03525183,51,0,5,01,D,100,D,1,D,0.0550,D,4148,D,91,D,01,D,270560,T
20172,03525673,20,0,5,03,D,400,D,2,D,0.0550,D,,A,,A,01,D,0,D
20172,03525823,31,0,5,01,D,100,D,1,D,0.0550,D,1162,D,3439,D,01,D,84500,D
20172,03526453,25,0,5,01,D,100,D,2,D,0.0550,D,,A,,A,01,D,0,D
20172,03527393,42,0,5,01,D,100,D,1,D,0.0550,D,344,D,-44,D,01,D,25000,D
20172,03529783,26,0,5,01,D,100,D,1,D,0.0550,D,55,F,1490,F,01,D,4000,F
20172,03530323,24,0,5,01,D,100,D,1,D,0.0550,D,21,D,879,D,01,D,1500,D
20172,03532163,48,0,5,01,D,100,D,1,D,0.0550,D,2672,D,2038,D,01,D,194294,D
20172,03532393,16,0,1,01,D,100,D,1,D,0.0550,D,261,D,2139,D,01,D,19000,D
20172,03532443,22,0,5,01,D,100,D,1,D,0.0550,D,275,D,925,D,01,D,20000,D
20172,03532683,21,0,5,01,D,100,D,1,D,0.0550,D,34,D,-19,D,01,D,2500,D
20172,03532703,27,0,5,01,D,100,D,1,D,0.0550,D,440,F,760,F,01,D,32000,F
20172,03533713,15,0,5,01,D,100,D,1,D,0.0550,D,1,D,1745,D,01,D,100,D
20172,03534173,17,0,5,01,D,100,D,1,D,0.0550,D,1691,D,5809,D,01,D,123000,D
20172,03534253,45,0,5,01,D,100,D,2,D,0.0550,D,,A,,A,01,D,0,D
20172,03534603,24,0,5,01,D,100,D,1,D,0.0550,D,333,D,312,D,01,D,24223,D
20172,03545533,22,0,5,01,D,100,D,1,D,0.0550,D,755,D,-109,D,01,D,54918,D
20172,03546093,35,0,5,01,D,100,D,1,D,0.0550,D,96,D,1404,D,01,D,7000,D
20172,03546253,26,0,1,01,D,100,D,1,D,0.0550,D,550,D,1169,D,01,D,40000,D
20172,03546813,35,0,5,01,D,100,D,1,D,0.0550,D,41,D,559,D,01,D,2989,D
20172,03546833,28,0,5,01,D,100,D,1,D,0.0550,D,2200,D,47488,T,01,D,160000,D
20172,03547313,26,0,5,01,D,100,D,1,D,0.0550,D,620,D,735,D,01,D,45126,D
20172,03547723,20,0,5,01,D,100,D,1,D,0.0550,D,1162,F,3439,F,01,D,84500,F
20172,03548333,25,0,1,01,D,100,D,1,D,0.0550,D,330,D,360,D,01,D,24000,D
20172,03548343,24,0,5,01,D,100,D,1,D,0.0550,D,7,D,992,D,01,D,500,D
20172,03548463,57,0,5,01,D,100,D,1,D,0.0550,D,327,D,292,D,01,D,23773,D
20172,03549283,20,0,5,01,D,100,D,2,D,0.0550,D,,A,,A,01,D,0,D
20172,03549423,32,0,5,01,D,100,D,1,D,0.0550,D,491,D,1027,D,01,D,35702,D
20172,03549933,19,0,5,01,D,100,D,1,D,0.0550,D,1238,D,-238,D,01,D,90000,D
20172,03550403,32,0,1,01,D,100,D,1,D,0.0550,D,344,D,856,D,01,D,25000,D
20172,03550823,25,0,5,01,D,100,D,1,D,0.0550,D,303,D,327,D,01,D,22000,D
20172,03551273,27,0,5,01,D,100,D,1,D,0.0550,D,0,D,0,D,01,D,0,D
20172,03551383,19,0,5,01,D,100,D,1,D,0.0550,D,853,D,-193,D,01,D,62000,D
20172,03551953,17,0,5,01,D,100,D,1,D,0.0550,D,684,D,47488,T,01,D,49775,D
20172,03552143,38,0,5,01,D,100,D,1,D,0.0550,D,135,D,954,D,01,D,9813,D
20172,03552213,10,0,5,01,D,100,D,2,D,0.0550,D,,A,,A,01,D,0,D
20172,03552583,19,0,5,01,D,100,D,1,D,0.0550,D,85,D,20,D,01,D,6200,D
20172,03553263,18,0,5,01,D,100,D,2,D,0.0550,D,4,F,296,F,01,D,300,F
20172,03553273,21,0,5,01,D,100,D,2,D,0.0550,D,136,F,-16,F,01,D,9900,F
20172,03553643,24,0,5,01,D,100,D,1,D,0.0550,D,688,D,872,D,01,D,50000,D
20172,03553733,12,0,5,01,D,100,D,1,D,0.0550,D,206,D,294,D,01,D,15000,D
20172,03554173,21,0,5,01,D,100,D,1,D,0.0550,D,124,D,8276,D,01,D,9000,D
20172,03554623,20,0,5,01,D,100,D,1,D,0.0550,D,495,D,105,D,01,D,36000,D
20172,03555123,23,0,5,01,D,100,D,1,D,0.0550,D,1079,D,2521,D,01,D,78444,D
20172,03555383,27,0,5,02,D,200,D,2,D,0.0550,D,,A,,A,01,D,100000,D
20172,03555563,13,0,5,01,D,100,D,1,D,0.0550,D,620,F,735,F,01,D,45126,F
20172,03566972,18,0,5,01,D,100,D,1,D,0.0550,D,234,D,-89,D,01,D,17000,D
20172,03568502,24,0,5,01,D,100,D,1,D,0.0550,D,784,D,4016,D,01,D,57000,D
20172,03568582,31,0,5,01,D,100,D,2,D,0.0550,D,,A,,A,01,D,0,D
20172,03569582,21,0,1,01,D,100,D,1,D,0.0550,D,729,F,3771,F,01,D,53000,F
20172,03570902,38,0,5,01,D,100,D,1,D,0.0550,D,1499,D,2362,D,01,D,109000,D
20172,03571362,25,0,5,01,D,100,D,,C,0.0550,D,440,F,1060,F,01,D,32000,F
20172,03572192,24,0,5,01,D,100,D,1,D,0.0550,D,1856,D,1144,D,01,D,135000,D
20172,03572282,50,0,5,01,D,100,D,1,D,0.0550,D,110,D,490,D,01,D,8000,D
20172,03572722,17,0,5,01,D,100,D,1,D,0.0550,D,2448,D,1746,D,01,D,178000,D
20172,03572912,20,0,1,01,D,100,D,1,D,0.0550,D,41,D,2959,D,01,D,3000,D
20172,03573302,19,0,5,01,D,100,D,1,D,0.0550,D,261,D,1439,D,01,D,19000,D
20172,03573352,14,0,5,01,D,100,D,1,D,0.0550,D,248,D,1118,D,01,D,18000,D
20172,03573642,11,0,5,01,D,100,D,1,D,0.0550,D,1155,D,-285,D,01,D,84000,D
20172,03573772,8,0,5,01,D,100,D,1,D,0.0550,D,1,F,1745,F,01,D,100,F
20172,03573962,24,0,5,01,D,100,D,2,D,0.0550,D,,A,,A,01,D,0,D
20172,03574092,11,0,1,01,D,100,D,1,D,0.0550,D,41,D,2959,D,01,D,3000,D
20172,03575012,42,0,5,01,D,100,D,1,D,0.0550,D,250,D,1490,D,01,D,18187,D
20172,03575982,25,0,5,01,D,100,D,1,D,0.0550,D,303,D,168,D,01,D,22000,D
20172,03576862,15,0,5,01,D,100,D,1,D,0.0550,D,729,D,3771,D,01,D,53000,D
20172,03577092,20,0,5,01,D,100,D,1,D,0.0550,D,1238,D,3333,D,01,D,90000,D
20172,03587822,25,0,5,01,D,100,D,1,D,0.0550,D,619,D,2021,D,01,D,45000,D
20172,03588282,21,0,5,01,D,100,D,1,D,0.0550,D,296,D,352,D,01,D,21500,D
20172,03588452,24,0,5,01,D,100,D,1,D,0.0550,D,1306,D,-371,D,01,D,95000,D
20172,03589122,66,0,5,01,D,100,D,1,D,0.0550,D,4318,D,-968,D,01,D,270560,T
20172,03589492,25,0,5,01,D,100,D,1,D,0.0550,D,481,D,1019,D,01,D,35000,D
20172,03589722,25,0,5,01,D,100,D,1,D,0.0550,D,550,D,50,D,01,D,40000,D
20172,03590072,34,0,5,01,D,100,D,1,D,0.0550,D,10,D,740,D,01,D,700,D
20172,03590122,25,0,5,01,D,100,D,1,D,0.0550,D,316,D,134,D,01,D,23000,D
20172,03590192,40,0,5,01,D,100,D,1,D,0.0550,D,688,D,1562,D,01,D,50000,D
20172,03590392,26,0,1,01,D,100,D,2,D,0.0550,D,,A,,A,01,D,0,D
20172,03590652,24,0,5,01,D,100,D,1,D,0.0550,D,481,D,44,D,01,D,35000,D
20172,03590832,47,0,5,01,D,100,D,1,D,0.0550,D,69,D,381,D,01,D,5000,D
20172,03591122,52,0,5,01,D,100,D,1,D,0.0550,D,2475,D,47488,T,01,D,180000,D
20172,03591242,19,0,5,01,D,100,D,1,D,0.0550,D,138,D,1362,D,01,D,10000,D
20172,03591972,28,0,5,01,D,100,D,1,D,0.0550,D,110,D,-35,D,01,D,8000,D
20172,03593322,28,0,5,01,D,100,D,1,D,0.0550,D,17,D,175,D,01,D,1200,D
20172,03593992,36,0,5,01,D,100,D,1,D,0.0550,D,8,D,592,D,01,D,600,D
20172,03594022,20,0,5,01,D,100,D,1,D,0.0550,D,550,D,-190,D,01,D,40000,D
20172,03595162,11,0,5,01,D,100,D,1,D,0.0550,D,550,D,200,D,01,D,40000,D
20172,03595242,26,0,5,01,D,100,D,2,D,0.0550,D,,A,,A,01,D,8300,D
20172,03596672,23,0,5,01,D,100,D,1,D,0.0550,D,827,D,1578,D,01,D,60125,D
20172,03597232,14,0,1,01,D,100,D,1,D,0.0550,D,550,F,1169,F,01,D,40000,F
20172,03597352,29,0,1,01,D,100,D,1,D,0.0550,D,26,D,1924,D,01,D,1900,D
20172,03597832,20,0,5,01,D,100,D,1,D,0.0550,D,688,D,209,D,01,D,50000,D
20172,03598092,30,0,5,01,D,100,D,1,D,0.0550,D,310,D,211,D,01,D,22567,D
20172,03599982,32,0,5,01,D,100,D,1,D,0.0550,D,413,D,187,D,01,D,30000,D
20172,03601402,26,0,5,01,D,100,D,1,D,0.0550,D,1348,D,1652,D,01,D,98000,D
20172,03602032,18,0,1,01,D,100,D,1,D,0.0550,D,303,F,168,F,01,D,22000,F
20172,03603172,23,0,5,01,D,100,D,1,D,0.0550,D,344,D,642,D,01,D,25000,D
20172,03603392,23,0,5,01,D,100,D,2,D,0.0550,D,261,F,1439,F,01,D,19000,F
20172,03603512,12,0,5,01,D,100,D,1,D,0.0550,D,3025,D,2075,D,01,D,270560,T
20172,03603582,50,0,5,01,D,100,D,1,D,0.0550,D,1224,D,706,D,01,D,89000,D
20172,03604542,26,0,5,01,D,100,D,2,D,0.0550,D,1128,F,372,F,01,D,82000,F
20172,03604852,40,0,5,01,D,100,D,1,D,0.0550,D,426,D,391,D,01,D,31000,D
20172,03604882,39,0,5,01,D,100,D,1,D,0.0550,D,638,D,-374,D,01,D,46400,D
20172,03604912,25,0,1,01,D,100,D,1,D,0.0550,D,688,F,872,F,01,D,50000,F
20172,03605992,23,0,5,01,D,100,D,1,D,0.0550,D,131,D,2869,D,01,D,9500,D
20172,03606142,51,0,5,01,D,100,D,1,D,0.0550,D,28,D,272,D,01,D,2000,D
20172,03606302,31,0,5,01,D,100,D,1,D,0.0550,D,69,D,4631,D,01,D,5000,D
20172,03607132,19,0,5,01,D,100,D,1,D,0.0550,D,28,D,722,D,01,D,2000,D
20172,03608442,23,0,5,01,D,100,D,1,D,0.0550,D,1155,D,945,D,01,D,84000,D
20172,03608692,23,0,5,01,D,100,D,1,D,0.0550,D,220,D,620,D,01,D,16000,D
20172,03639631,18,0,1,01,D,100,D,1,D,0.0550,D,0,D,0,D,01,D,0,D
20172,03640361,10,0,1,01,D,100,D,1,D,0.0550,D,1650,F,-300,F,01,D,120000,F
20172,03640531,15,0,1,01,D,100,D,1,D,0.0550,D,7,F,477,F,01,D,484,F
20172,03640541,19,0,1,01,D,100,D,1,D,0.0550,D,248,D,-104,D,01,D,18000,D
20172,03640651,18,0,1,01,D,100,D,1,D,0.0550,D,416,D,-28,D,01,D,30231,D
20172,03640741,21,0,1,01,D,100,D,1,D,0.0550,D,1293,D,-168,D,01,D,94000,D
20172,03640781,32,0,1,01,D,100,D,1,D,0.0550,D,188,D,412,D,01,D,13700,D
20172,03640871,38,0,1,01,D,100,D,2,D,0.0550,D,,A,,A,01,D,0,D
20172,03641131,22,0,1,01,D,100,D,1,D,0.0550,D,69,D,81,D,01,D,5000,D
20172,03641191,9,0,1,01,D,100,D,2,D,0.0550,D,,A,,A,01,D,0,D
20172,03641651,9,0,1,01,D,100,D,1,D,0.0550,D,248,F,550,F,01,D,18000,F
20172,03642061,17,0,1,01,D,100,D,2,D,0.0550,D,,A,,A,01,D,0,D
20172,03642341,21,0,1,01,D,100,D,2,D,0.0550,D,,A,,A,01,D,0,D
20172,03642611,28,0,1,01,D,100,D,2,D,0.0550,D,,A,,A,01,D,0,D
20172,03642921,46,0,1,01,D,100,D,2,D,0.0550,D,,A,,A,01,D,37000,D
20172,03642991,21,0,1,01,D,100,D,1,D,0.0550,D,206,D,544,D,01,D,15000,D
20172,03643631,28,0,1,01,D,100,D,1,D,0.0550,D,261,F,2139,F,01,D,19000,F
20172,03644301,42,0,1,01,D,100,D,1,D,0.0550,D,839,D,661,D,01,D,61000,D
20172,03644901,32,0,1,01,D,100,D,1,D,0.0550,D,675,D,-255,D,01,D,49096,D
20172,03645091,21,0,1,01,D,100,D,1,D,0.0550,D,83,D,1417,D,01,D,6000,D
20172,03645571,25,0,1,01,D,100,D,1,D,0.0550,D,275,D,4885,D,01,D,20000,D
20172,03646381,26,0,1,01,D,100,D,2,D,0.0550,D,,A,,A,01,D,0,D
20172,03646811,22,0,1,01,D,100,D,1,D,0.0550,D,1650,D,-300,D,01,D,120000,D
20172,03646941,53,0,1,01,D,100,D,1,D,0.0550,D,1650,D,1350,D,01,D,120000,D
20172,03647021,18,0,1,01,D,100,D,1,D,0.0550,D,688,D,-238,D,01,D,50000,D
20172,03648061,19,0,1,01,D,100,D,1,D,0.0550,D,248,D,550,D,01,D,18000,D
20172,03648481,43,0,1,01,D,100,D,1,D,0.0550,D,1911,D,-1647,T,01,D,139000,D
20172,03649351,25,0,1,01,D,100,D,2,D,0.0550,D,,A,,A,01,D,0,D
20172,03649701,15,0,1,01,D,100,D,1,D,0.0550,D,110,F,-35,F,01,D,8000,F
20172,03649761,18,0,1,01,D,100,D,1,D,0.0550,D,963,D,3,D,01,D,70000,D
20172,03649971,7,0,1,01,D,100,D,1,D,0.0550,D,0,F,15,F,01,D,15,F
20172,03650561,16,0,1,01,D,100,D,2,D,0.0550,D,,A,,A,01,D,70000,D
20172,03650611,25,0,1,01,D,200,D,1,D,0.0550,D,1031,D,-56,D,01,D,75000,D
20172,03651581,9,0,1,01,D,100,D,1,D,0.0550,D,110,D,1390,D,01,D,8000,D
20172,03651881,24,0,1,01,D,100,D,1,D,0.0550,D,27,D,1922,D,01,D,1949,D
20172,03652051,13,0,1,01,D,100,D,1,D,0.0550,D,963,D,-363,D,01,D,70000,D
20172,03652141,21,0,1,01,D,100,D,1,D,0.0550,D,196,D,2804,D,01,D,14233,D
20172,03652471,21,0,1,01,D,100,D,1,D,0.0550,D,385,D,-85,D,01,D,28000,D
20172,03652681,16,0,1,01,D,100,D,1,D,0.0550,D,399,D,1101,D,01,D,29000,D
20172,03653721,13,0,1,01,D,100,D,1,D,0.0550,D,21,D,279,D,01,D,1500,D
20172,03654601,21,0,1,01,D,100,D,1,D,0.0550,D,2475,F,-675,F,01,D,180000,F
20172,03655231,14,0,1,01,D,100,D,1,D,0.0550,D,220,D,980,D,01,D,16000,D
20172,03655771,13,0,1,01,D,100,D,1,D,0.0550,D,289,D,11,D,01,D,21000,D
20172,03655941,13,0,1,01,D,100,D,1,D,0.0550,D,1691,F,5809,F,01,D,123000,F
20172,03656211,11,0,1,01,D,100,D,1,D,0.0550,D,206,D,499,D,01,D,15000,D
20172,03656851,12,0,1,01,D,100,D,1,D,0.0550,D,385,D,4379,D,01,D,28000,D
20172,03657671,21,0,1,01,D,100,D,1,D,0.0550,D,426,D,924,D,01,D,31000,D
20172,03657901,16,0,1,01,D,100,D,1,D,0.0550,D,8,D,592,D,01,D,600,D
20172,03657901,17,0,1,01,D,100,D,1,D,0.0550,D,4,D,296,D,02,D,300,D
20172,03659711,40,0,1,01,D,100,D,1,D,0.0550,D,371,D,429,D,01,D,27000,D
20172,03659781,18,0,1,01,D,100,D,1,D,0.0550,D,2750,D,3250,D,01,D,270560,T
20172,03660331,19,0,1,01,D,100,D,1,D,0.0550,D,2613,D,-213,D,01,D,190000,D
20172,03662211,23,0,1,01,D,100,D,1,D,0.0550,D,151,D,449,D,01,D,11000,D
20172,03662461,26,0,1,01,D,100,D,1,D,0.0550,D,172,D,12328,D,01,D,12500,D
20172,03662631,13,0,1,01,D,100,D,1,D,0.0550,D,55,F,445,F,01,D,4000,F
20172,03662631,14,0,1,02,D,300,D,1,D,0.0550,D,2,F,137,F,01,D,139,F
20172,03662671,10,0,1,01,D,100,D,1,D,0.0550,D,495,D,855,D,01,D,36000,D
20172,03662821,24,0,1,01,D,100,D,1,D,0.0550,D,1018,D,-358,D,01,D,74000,D
20172,03662941,37,0,1,01,D,100,D,1,D,0.0550,D,715,D,5285,D,01,D,52000,D
20172,03663281,22,0,1,01,D,100,D,1,D,0.0550,D,1241,D,1024,D,01,D,90249,D
20172,03663341,54,0,1,01,D,100,D,1,D,0.0550,D,289,D,161,D,01,D,21000,D
20172,03667061,20,0,1,01,D,100,D,1,D,0.0550,D,413,D,487,D,01,D,30000,D
20172,03667161,9,0,1,01,D,100,D,1,D,0.0550,D,2,D,137,D,01,D,139,D
20172,03668051,36,0,1,01,D,100,D,1,D,0.0550,D,2159,D,1141,D,01,D,157000,D
20172,03669011,22,0,1,01,D,100,D,1,D,0.0550,D,536,D,664,D,01,D,39000,D
20172,03669451,28,0,1,01,D,100,D,1,D,0.0550,D,964,D,536,D,01,D,70100,D
20172,03669951,11,0,1,01,D,100,D,2,D,0.0550,D,,A,,A,01,D,0,D
20172,03670011,9,0,1,01,D,100,D,2,D,0.0550,D,,A,,A,01,D,2000,D
20172,03670011,10,0,1,01,D,100,D,1,D,0.0550,D,827,F,1578,F,02,D,60125,F
20172,03670221,17,0,1,01,D,100,D,1,D,0.0550,D,578,D,22,D,01,D,42000,D
20172,03670551,31,0,1,01,D,100,D,1,D,0.0550,D,261,D,2739,D,01,D,19000,D
20172,03670691,16,0,1,01,D,100,D,1,D,0.0550,D,866,D,-116,D,01,D,63000,D
20172,03671331,27,0,1,01,D,100,D,1,D,0.0550,D,55,D,1490,D,01,D,4000,D
20173,03504144,14,0,5,01,D,100,D,1,D,0.0575,D,259,D,-118,D,01,D,18000,D
20173,03504404,44,0,5,01,D,100,D,1,D,0.0575,D,460,F,-10,F,01,D,32000,F
20173,03504754,29,0,5,01,D,100,D,1,D,0.0575,D,266,D,1234,D,01,D,18500,D
20173,03506304,27,0,5,01,D,100,D,1,D,0.0575,D,748,D,420,D,01,D,52000,D
20173,03506784,34,0,5,01,D,100,D,1,D,0.0575,D,58,D,542,D,01,D,4000,D
20173,03507394,42,0,5,01,D,100,D,2,D,0.0575,D,,A,,A,01,D,0,D
20173,03508074,41,0,5,01,D,100,D,1,D,0.0575,D,244,D,356,D,01,D,17000,D
20173,03508414,21,0,5,01,D,100,D,2,D,0.0575,D,,A,,A,01,D,18000,D
20173,03508474,36,0,5,01,D,100,D,1,D,0.0575,D,618,D,1482,D,01,D,43000,D
20173,03508954,16,0,1,02,D,200,D,1,D,0.0575,D,217,D,883,D,01,D,15100,D
20173,03508954,17,0,1,03,D,200,D,1,D,0.0575,D,1466,D,874,D,01,D,102000,D
20173,03511004,23,0,5,01,D,100,D,2,D,0.0575,D,,A,,A,01,D,0,D
20173,03511214,20,0,5,01,D,100,D,1,D,0.0575,D,564,D,276,D,01,D,39230,D
20173,03511614,32,0,5,01,D,100,D,1,D,0.0575,D,1423,D,77,D,01,D,99000,D
20173,03511684,37,0,5,01,D,100,D,2,D,0.0575,D,,A,,A,01,D,0,D
20173,03511924,9,0,5,01,D,100,D,1,D,0.0575,D,359,F,151,F,01,D,25000,F
20173,03512824,31,0,5,01,D,100,D,1,D,0.0575,D,1725,D,-438,D,01,D,120000,D
20173,03513064,50,0,5,01,D,100,D,1,D,0.0575,D,2516,D,-716,D,01,D,175000,D
20173,03513154,13,0,5,01,D,100,D,1,D,0.0575,D,819,D,-219,D,01,D,57000,D
20173,03525184,43,0,5,01,D,100,D,1,D,0.0575,D,4327,D,163,D,01,D,270560,T
20173,03525824,21,0,5,01,D,100,D,1,D,0.0575,D,1208,D,292,D,01,D,84000,D
20173,03526454,19,0,5,01,D,100,D,2,D,0.0575,D,,A,,A,01,D,270560,T
20173,03526694,15,0,5,01,D,100,D,2,D,0.0575,D,,A,,A,01,D,67000,D
20173,03527394,44,0,5,01,D,100,D,1,D,0.0575,D,288,D,5712,D,01,D,20000,D
20173,03529784,20,0,5,01,D,100,D,1,D,0.0575,D,288,F,5712,F,01,D,20000,F
20173,03530324,24,0,5,01,D,100,D,1,D,0.0575,D,20,D,280,D,01,D,1400,D
20173,03532164,34,0,5,01,D,100,D,1,D,0.0575,D,2771,D,1939,D,01,D,192766,D
20173,03532394,20,0,5,01,D,100,D,1,D,0.0575,D,681,D,519,D,01,D,47400,D
20173,03532444,30,0,5,01,D,100,D,1,D,0.0575,D,273,D,927,D,01,D,19000,D
20173,03532684,23,0,5,01,D,100,D,1,D,0.0575,D,29,D,97,D,01,D,2000,D
20173,03532704,28,0,5,01,D,100,D,2,D,0.0575,D,,A,,A,01,D,122000,D
20173,03533004,30,0,5,01,D,100,D,1,D,0.0575,D,403,D,947,D,01,D,28000,D
20173,03533714,11,0,5,01,D,100,D,1,D,0.0575,D,29,D,61,D,01,D,2003,D
20173,03534174,19,0,5,01,D,100,D,1,D,0.0575,D,1682,D,6318,D,01,D,117000,D
20173,03534254,36,0,5,01,D,100,D,2,D,0.0575,D,,A,,A,01,D,0,D
20173,03534604,24,0,5,01,D,100,D,1,D,0.0575,D,342,D,303,D,01,D,23791,D
20173,03545534,20,0,5,01,D,100,D,1,D,0.0575,D,789,D,-67,D,01,D,54918,D
20173,03546094,30,0,5,01,D,100,D,1,D,0.0575,D,79,D,1421,D,01,D,5500,D
20173,03546254,19,0,5,01,D,100,D,1,D,0.0575,D,503,D,997,D,01,D,35000,D
20173,03546814,32,0,5,01,D,100,D,1,D,0.0575,D,127,D,773,D,01,D,8800,D
20173,03546834,28,0,5,01,D,100,D,1,D,0.0575,D,1668,D,47488,T,01,D,116000,D
20173,03547314,26,0,5,01,D,100,D,1,D,0.0575,D,635,D,698,D,01,D,44202,D
20173,03547724,21,0,5,01,D,100,D,1,D,0.0575,D,244,F,956,F,01,D,17000,F
20173,03548334,31,0,5,01,D,100,D,1,D,0.0575,D,1078,F,-103,F,01,D,75000,F
20173,03548344,28,0,5,01,D,100,D,1,D,0.0575,D,460,D,-10,D,01,D,32000,D
20173,03548464,35,0,5,01,D,100,D,1,D,0.0575,D,358,D,311,D,01,D,24879,D
20173,03549284,19,0,5,01,D,100,D,2,D,0.0575,D,,A,,A,01,D,0,D
20173,03549424,32,0,5,01,D,100,D,1,D,0.0575,D,518,D,1000,D,01,D,36000,D
20173,03549934,17,0,5,01,D,100,D,1,D,0.0575,D,0,D,0,D,01,D,0,D
20173,03550154,63,0,5,01,D,100,D,1,D,0.0575,D,58,D,374,D,01,D,4000,D
20173,03550404,50,0,5,01,D,100,D,1,D,0.0575,D,575,D,1225,D,01,D,40000,D
20173,03550824,29,0,5,01,D,100,D,1,D,0.0575,D,359,D,265,D,01,D,25000,D
20173,03551274,23,0,5,01,D,100,D,1,D,0.0575,D,511,D,38,D,01,D,35578,D
20173,03551384,21,0,5,01,D,100,D,1,D,0.0575,D,891,D,-491,D,01,D,62000,D
20173,03551954,24,0,5,01,D,100,D,2,D,0.0575,D,,A,,A,01,D,0,D
20173,03552144,42,0,5,01,D,100,D,1,D,0.0575,D,123,D,1286,D,01,D,8536,D
20173,03552214,22,0,5,01,D,100,D,1,D,0.0575,D,1018,D,443,D,01,D,70793,D
20173,03552584,17,0,5,01,D,100,D,2,D,0.0575,D,2013,F,1287,F,01,D,140000,F
20173,03553264,28,0,5,01,D,100,D,1,D,0.0575,D,115,D,50,D,01,D,8000,D
20173,03553414,19,0,5,01,D,100,D,2,D,0.0575,D,,A,,A,01,D,0,D
20173,03553644,38,0,5,01,D,100,D,1,D,0.0575,D,719,D,481,D,01,D,50000,D
20173,03553734,17,0,5,01,D,100,D,1,D,0.0575,D,173,D,727,D,01,D,12000,D
20173,03554174,23,0,5,01,D,100,D,1,D,0.0575,D,35,D,2365,D,01,D,2400,D
20173,03554624,29,0,5,01,D,100,D,1,D,0.0575,D,431,D,169,D,01,D,30000,D
20173,03555124,20,0,5,01,D,100,D,1,D,0.0575,D,1113,D,2772,D,01,D,77424,D
20173,03555384,29,0,5,02,D,200,D,1,D,0.0575,D,235,D,47488,T,01,D,16320,D
20173,03555514,38,0,5,01,D,100,D,2,D,0.0575,D,,A,,A,01,D,0,D
20173,03566973,22,0,5,01,D,100,D,1,D,0.0575,D,244,D,203,D,01,D,17000,D
20173,03568503,31,0,5,01,D,100,D,1,D,0.0575,D,719,D,3781,D,01,D,50000,D
20173,03568583,40,0,5,01,D,100,D,2,D,0.0575,D,,A,,A,01,D,0,D
20173,03570903,38,0,5,01,D,100,D,1,D,0.0575,D,1553,D,-983,D,01,D,108000,D
20173,03571363,32,0,5,01,D,100,D,1,D,0.0575,D,359,D,2641,D,01,D,25000,D
20173,03572193,27,0,5,01,D,100,D,1,D,0.0575,D,1797,D,1203,D,01,D,125000,D
20173,03572283,41,0,5,01,D,100,D,1,D,0.0575,D,216,D,354,D,01,D,15000,D
20173,03572723,25,0,5,01,D,100,D,1,D,0.0575,D,2156,D,2944,D,01,D,150000,D
20173,03572773,19,0,5,01,D,100,D,1,D,0.0575,D,403,D,297,D,01,D,28000,D
20173,03572913,44,0,5,01,D,100,D,1,D,0.0575,D,65,D,2235,D,01,D,4500,D
20173,03573303,13,0,5,01,D,100,D,1,D,0.0575,D,244,D,1556,D,01,D,17000,D
20173,03573353,16,0,5,01,D,100,D,1,D,0.0575,D,244,D,956,D,01,D,17000,D
20173,03573643,16,0,5,01,D,100,D,1,D,0.0575,D,1222,D,-352,D,01,D,85000,D
20173,03573773,28,0,5,01,D,100,D,1,D,0.0575,D,431,D,-281,D,01,D,30000,D
20173,03574353,10,0,1,01,D,100,D,1,D,0.0575,D,266,F,1234,F,01,D,18500,F
20173,03575013,29,0,5,01,D,100,D,1,D,0.0575,D,1,D,74,D,01,D,75,D
20173,03575983,30,0,5,01,D,100,D,1,D,0.0575,D,321,D,156,D,01,D,22316,D
20173,03576863,15,0,5,01,D,100,D,1,D,0.0575,D,704,D,3796,D,01,D,49000,D
20173,03577093,24,0,5,01,D,100,D,1,D,0.0575,D,288,D,462,D,01,D,20000,D
20173,03587823,33,0,5,01,D,100,D,1,D,0.0575,D,575,D,3699,D,01,D,40000,D
20173,03588283,21,0,5,01,D,100,D,1,D,0.0575,D,309,D,402,D,01,D,21500,D
20173,03589123,70,0,5,01,D,100,D,1,D,0.0575,D,4456,D,3086,D,01,D,270560,T
20173,03589493,36,0,5,01,D,100,D,1,D,0.0575,D,503,D,2497,D,01,D,35000,D
20173,03589723,26,0,5,01,D,100,D,1,D,0.0575,D,704,D,-254,D,01,D,49000,D
20173,03590073,28,0,5,01,D,100,D,2,D,0.0575,D,,A,,A,01,D,0,D
20173,03590123,24,0,5,01,D,100,D,1,D,0.0575,D,331,D,119,D,01,D,23000,D
20173,03590183,15,0,1,01,D,100,D,1,D,0.0575,D,259,D,1541,D,01,D,18000,D
20173,03590193,39,0,5,01,D,100,D,1,D,0.0575,D,690,D,1410,D,01,D,48000,D
20173,03590393,37,0,5,01,D,100,D,2,D,0.0575,D,,A,,A,01,D,20000,D
20173,03590653,22,0,5,01,D,100,D,1,D,0.0575,D,359,D,541,D,01,D,25000,D
20173,03590833,40,0,5,01,D,100,D,2,D,0.0575,D,,A,,A,01,D,5000,D
20173,03591123,67,0,5,01,D,100,D,1,D,0.0575,D,2444,D,47488,T,01,D,170000,D
20173,03591243,17,0,5,01,D,100,D,1,D,0.0575,D,431,F,5569,F,01,D,30000,F
20173,03591973,31,0,5,01,D,100,D,1,D,0.0575,D,791,D,1009,D,01,D,55000,D
20173,03593323,39,0,5,01,D,100,D,2,D,0.0575,D,,A,,A,01,D,0,D
20173,03594023,18,0,5,01,D,100,D,1,D,0.0575,D,244,F,203,F,01,D,17000,F
20173,03595163,20,0,5,01,D,100,D,2,D,0.0575,D,,A,,A,01,D,0,D
20173,03595243,32,0,5,01,D,100,D,1,D,0.0575,D,295,D,155,D,01,D,20500,D
20173,03595763,13,0,5,01,D,100,D,2,D,0.0575,D,,A,,A,01,D,0,D
20173,03596673,19,0,5,01,D,100,D,1,D,0.0575,D,891,D,1338,D,01,D,62000,D
20173,03597233,17,0,5,01,D,100,D,1,D,0.0575,D,431,D,5569,D,01,D,30000,D
20173,03597353,41,0,5,01,D,100,D,1,D,0.0575,D,1179,D,2721,D,01,D,82000,D
20173,03597833,20,0,5,01,D,100,D,1,D,0.0575,D,216,D,2484,D,01,D,15000,D
20173,03598093,25,0,5,01,D,100,D,1,D,0.0575,D,338,D,195,D,01,D,23500,D
20173,03598633,35,0,5,01,D,100,D,2,D,0.0575,D,,A,,A,01,D,25000,D
20173,03601403,24,0,5,01,D,100,D,1,D,0.0575,D,1222,D,1778,D,01,D,85000,D
20173,03602033,27,0,5,01,D,100,D,1,D,0.0575,D,1826,F,1174,F,01,D,127000,F
20173,03603173,24,0,5,01,D,100,D,1,D,0.0575,D,331,D,652,D,01,D,23000,D
20173,03603583,41,0,5,01,D,100,D,1,D,0.0575,D,1271,D,34,D,01,D,88400,D
20173,03604543,31,0,5,01,D,100,D,1,D,0.0575,D,748,F,420,F,01,D,52000,F
20173,03604853,44,0,5,01,D,100,D,1,D,0.0575,D,496,D,407,D,01,D,34500,D
20173,03604883,59,0,5,01,D,100,D,1,D,0.0575,D,697,D,-97,D,01,D,48508,D
20173,03605993,18,0,5,01,D,100,D,1,D,0.0575,D,81,D,2919,D,01,D,5600,D
20173,03606143,26,0,5,01,D,100,D,1,D,0.0575,D,4,D,146,D,01,D,300,D
20173,03606303,38,0,5,01,D,100,D,1,D,0.0575,D,1,D,50,D,01,D,51,D
20173,03606903,17,0,5,01,D,100,D,1,D,0.0575,D,171,D,11829,D,01,D,11900,D
20173,03607363,42,0,1,01,D,100,D,1,D,0.0575,D,61,D,3239,D,01,D,4250,D
20173,03608443,25,0,5,01,D,100,D,1,D,0.0575,D,1351,D,799,D,01,D,94000,D
20173,03608693,25,0,5,01,D,100,D,1,D,0.0575,D,236,D,604,D,01,D,16400,D
20173,03639632,25,0,5,01,D,100,D,2,D,0.0575,D,,A,,A,01,D,0,D
20173,03640362,13,0,5,01,D,100,D,1,D,0.0575,D,863,D,-233,D,01,D,60000,D
20173,03640532,17,0,5,01,D,100,D,1,D,0.0575,D,719,D,181,D,01,D,50000,D
20173,03640742,42,0,5,01,D,100,D,1,D,0.0575,D,1423,D,-272,D,01,D,99000,D
20173,03640782,53,0,5,01,D,100,D,1,D,0.0575,D,264,D,456,D,01,D,18383,D
20173,03640872,55,0,5,01,D,100,D,2,D,0.0575,D,,A,,A,01,D,0,D
20173,03641652,13,0,5,01,D,100,D,2,D,0.0575,D,338,F,195,F,01,D,23500,F
20173,03642062,23,0,5,01,D,100,D,2,D,0.0575,D,,A,,A,01,D,0,D
20173,03642092,11,0,1,01,D,100,D,1,D,0.0575,D,2013,D,1287,D,01,D,140000,D
20173,03642342,39,0,5,01,D,100,D,2,D,0.0575,D,,A,,A,01,D,0,D
20173,03642612,37,0,5,01,D,100,D,2,D,0.0575,D,,A,,A,01,D,0,D
20173,03642922,50,0,5,01,D,100,D,1,D,0.0575,D,532,D,6968,D,01,D,37000,D
20173,03642992,31,0,5,01,D,100,D,1,D,0.0575,D,230,D,1270,D,01,D,16000,D
20173,03643632,33,0,5,01,D,100,D,1,D,0.0575,D,288,D,930,D,01,D,20000,D
20173,03644902,29,0,5,01,D,100,D,1,D,0.0575,D,690,D,-255,D,01,D,48000,D
20173,03645092,28,0,5,01,D,100,D,2,D,0.0575,D,,A,,A,01,D,0,D
20173,03645572,28,0,5,01,D,100,D,2,D,0.0575,D,,A,,A,01,D,22000,D
20173,03646382,39,0,5,01,D,100,D,2,D,0.0575,D,,A,,A,01,D,0,D
20173,03646812,20,0,5,01,D,100,D,1,D,0.0575,D,474,F,1626,F,01,D,33000,F
20173,03646942,38,0,5,01,D,100,D,1,D,0.0575,D,1826,D,1174,D,01,D,127000,D
20173,03647022,30,0,5,01,D,100,D,1,D,0.0575,D,575,D,175,D,01,D,40000,D
20173,03648062,21,0,5,01,D,100,D,1,D,0.0575,D,115,F,50,F,01,D,8000,F
20173,03648482,27,0,5,01,D,100,D,1,D,0.0575,D,1998,D,-1098,D,01,D,139000,D
20173,03648532,11,0,1,01,D,100,D,1,D,0.0575,D,2372,D,1036,D,01,D,165000,D
20173,03649352,38,0,5,01,D,100,D,2,D,0.0575,D,,A,,A,01,D,0,D
20173,03649662,17,0,1,01,D,100,D,1,D,0.0575,D,316,D,1184,D,01,D,22000,D
20173,03649702,22,0,5,01,D,100,D,1,D,0.0575,D,417,D,333,D,01,D,29000,D
20173,03650562,30,0,5,01,D,100,D,2,D,0.0575,D,,A,,A,01,D,60000,D
20173,03650612,41,0,5,01,D,200,D,1,D,0.0575,D,1078,D,-103,D,01,D,75000,D
20173,03650932,19,0,5,01,D,100,D,1,D,0.0575,D,201,D,231,D,01,D,14000,D
20173,03651582,21,0,5,01,D,100,D,1,D,0.0575,D,86,D,514,D,01,D,6000,D
20173,03651882,31,0,5,01,D,100,D,1,D,0.0575,D,165,D,285,D,01,D,11500,D
20173,03652052,28,0,5,01,D,100,D,1,D,0.0575,D,863,F,-233,F,01,D,60000,F
20173,03652142,33,0,5,01,D,100,D,1,D,0.0575,D,191,D,109,D,01,D,13280,D
20173,03652472,26,0,5,01,D,100,D,1,D,0.0575,D,405,D,-95,D,01,D,28156,D
20173,03652682,17,0,5,01,D,100,D,1,D,0.0575,D,417,D,1083,D,01,D,29000,D
20173,03653722,19,0,5,01,D,100,D,1,D,0.0575,D,331,D,1169,D,01,D,23000,D
20173,03654602,33,0,5,01,D,100,D,,C,0.0575,D,2516,F,-716,F,01,D,175000,F
20173,03655232,23,0,5,01,D,100,D,2,D,0.0575,D,,A,,A,01,D,15000,D
20173,03655772,16,0,5,01,D,100,D,1,D,0.0575,D,1265,F,-974,F,01,D,88000,F
20173,03655942,19,0,5,01,D,100,D,2,D,0.0575,D,4456,F,3086,F,01,D,270560,V
20173,03656042,11,0,1,01,D,100,D,1,D,0.0575,D,1042,D,674,D,01,D,72500,D
20173,03656852,14,0,5,01,D,100,D,1,D,0.0575,D,93,D,4671,D,01,D,6500,D
20173,03657672,29,0,5,01,D,100,D,1,D,0.0575,D,446,D,904,D,01,D,31000,D
20173,03657902,37,0,5,01,D,100,D,1,D,0.0575,D,1797,D,-897,D,01,D,125000,D
20173,03657902,38,0,5,01,D,100,D,1,D,0.0575,D,321,F,156,F,02,D,22316,F
20173,03659712,36,0,5,01,D,100,D,1,D,0.0575,D,388,D,362,D,01,D,27000,D
20173,03660332,22,0,5,01,D,100,D,2,D,0.0575,D,,A,,A,01,D,176000,D
20173,03661822,37,0,5,01,D,100,D,1,D,0.0575,D,288,D,-138,D,01,D,20000,D
20173,03662212,40,0,5,01,D,100,D,1,D,0.0575,D,161,D,439,D,01,D,11229,D
20173,03662462,32,0,5,01,D,100,D,2,D,0.0575,D,,A,,A,01,D,0,D
20173,03662822,27,0,5,01,D,100,D,1,D,0.0575,D,1064,D,-302,D,01,D,74000,D
20173,03663282,19,0,5,01,D,100,D,1,D,0.0575,D,1275,D,1528,D,01,D,88668,D
20173,03663342,50,0,5,01,D,100,D,1,D,0.0575,D,359,D,151,D,01,D,25000,D
20173,03665282,10,0,1,01,D,100,D,1,D,0.0575,D,173,D,427,D,01,D,12000,D
20173,03666552,27,0,1,01,D,100,D,1,D,0.0575,D,359,D,2641,D,01,D,25000,D
20173,03668052,47,0,5,01,D,100,D,1,D,0.0575,D,2214,D,1086,D,01,D,154000,D
20173,03669012,24,0,5,01,D,100,D,1,D,0.0575,D,532,D,668,D,01,D,37000,D
20173,03669452,35,0,5,01,D,100,D,2,D,0.0575,D,,A,,A,01,D,71000,D
20173,03670012,12,0,5,01,D,100,D,2,D,0.0575,D,1179,F,2721,F,01,D,82000,F
20173,03670012,13,0,5,01,D,100,D,2,D,0.0575,D,403,F,947,F,02,D,28000,F
20173,03670222,28,0,5,01,D,100,D,2,D,0.0575,D,,A,,A,01,D,42000,D
20173,03671332,36,0,5,01,D,100,D,1,D,0.0575,D,46,D,1484,D,01,D,3177,D
20173,03692581,11,0,1,01,D,100,D,2,D,0.0575,D,,A,,A,01,D,3300,D
20173,03693691,14,0,1,01,D,100,D,1,D,0.0575,D,575,F,1225,F,01,D,40000,F
20173,03694051,39,0,1,02,D,200,D,1,D,0.0575,D,2013,D,-123,D,01,D,140000,D
20173,03695071,14,0,1,01,D,100,D,1,D,0.0575,D,288,D,312,D,01,D,20000,D
20173,03695241,25,0,1,01,D,100,D,1,D,0.0575,D,891,D,909,D,01,D,62000,D
20173,03695841,28,0,1,01,D,100,D,1,D,0.0575,D,72,D,393,D,01,D,5000,D
20173,03699291,12,0,1,01,D,100,D,2,D,0.0575,D,496,F,407,F,01,D,34500,F
20173,03699511,21,0,1,01,D,100,D,1,D,0.0575,D,1208,D,-1008,D,01,D,84000,D
20173,03699981,36,0,1,01,D,100,D,1,D,0.0575,D,129,D,-29,D,01,D,9000,D
20173,03700031,23,0,1,01,D,100,D,1,D,0.0575,D,762,D,138,D,01,D,53000,D
20173,03700441,39,0,1,02,D,200,D,1,D,0.0575,D,503,D,-99,D,01,D,35000,D
20173,03701041,34,0,1,01,D,100,D,1,D,0.0575,D,676,D,-526,D,01,D,47000,D
20173,03702631,20,0,1,01,D,100,D,1,D,0.0575,D,4327,F,163,F,01,D,270560,V
20173,03713361,30,0,1,01,D,100,D,1,D,0.0575,D,417,D,183,D,01,D,29000,D
20173,03714491,34,0,1,01,D,100,D,1,D,0.0575,D,3163,D,2237,D,01,D,270560,T
20173,03714611,15,0,1,01,D,100,D,1,D,0.0575,D,704,D,796,D,01,D,49000,D
20173,03714911,8,0,1,01,D,100,D,1,D,0.0575,D,575,D,25,D,01,D,40000,D
20173,03715051,14,0,1,01,D,100,D,1,D,0.0575,D,2156,F,2944,F,01,D,150000,F
20173,03715491,27,0,1,01,D,200,D,2,D,0.0575,D,,A,,A,01,D,0,D
20173,03716511,29,0,1,01,D,100,D,2,D,0.0575,D,,A,,A,01,D,0,D
20173,03717681,35,0,1,01,D,100,D,1,D,0.0575,D,245,D,655,D,01,D,17014,D
20173,03717901,10,0,1,01,D,100,D,2,D,0.0575,D,,A,,A,01,D,0,D
20173,03718751,14,0,1,01,D,100,D,1,D,0.0575,D,122,D,1438,D,01,D,8500,D
20173,03719081,38,0,1,01,D,100,D,1,D,0.0575,D,81,F,2919,F,01,D,5600,F
20173,03719691,22,0,1,01,D,100,D,1,D,0.0575,D,85,D,815,D,01,D,5900,D
20173,03719951,11,0,1,01,D,100,D,1,D,0.0575,D,2,D,148,D,01,D,150,D
20173,03720361,10,0,1,01,D,100,D,1,D,0.0575,D,53,D,1447,D,01,D,3700,D
20173,03720411,22,0,1,01,D,100,D,1,D,0.0575,D,208,D,692,D,01,D,14500,D
20173,03720711,15,0,1,01,D,100,D,1,D,0.0575,D,173,D,1357,D,01,D,12000,D
20173,03722371,11,0,1,01,D,100,D,2,D,0.0575,D,,A,,A,01,D,0,D
20173,03722481,30,0,1,01,D,100,D,1,D,0.0575,D,2875,D,1925,D,01,D,270560,T
20173,03722661,11,0,1,01,D,100,D,1,D,0.0575,D,144,D,477,D,01,D,10000,D
20173,03722841,29,0,1,01,D,100,D,1,D,0.0575,D,288,D,47488,T,01,D,20000,D
20173,03723521,37,0,1,01,D,100,D,1,D,0.0575,D,2156,D,-956,D,01,D,150000,D
20173,03734241,41,0,1,01,D,100,D,2,D,0.0575,D,,A,,A,01,D,0,D
20173,03734761,24,0,1,01,D,100,D,1,D,0.0575,D,1222,D,779,D,01,D,85000,D
20173,03734921,7,0,1,01,D,100,D,1,D,0.0575,D,144,D,47488,T,01,D,10000,D
20173,03735441,19,0,1,01,D,100,D,1,D,0.0575,D,575,D,6925,D,01,D,40000,D
20173,03736701,23,0,1,01,D,100,D,1,D,0.0575,D,1265,D,-974,D,01,D,88000,D
20173,03736781,58,0,1,01,D,100,D,1,D,0.0575,D,460,D,3290,D,01,D,32000,D
20173,03737911,15,0,1,01,D,100,D,1,D,0.0575,D,1567,D,1433,D,01,D,109000,D
20173,03738281,18,0,1,01,D,100,D,1,D,0.0575,D,288,F,312,F,01,D,20000,F
20173,03738311,22,0,1,01,D,100,D,1,D,0.0575,D,158,D,922,D,01,D,11000,D
20173,03738491,21,0,1,01,D,100,D,1,D,0.0575,D,244,D,56,D,01,D,17000,D
20173,03739351,47,0,1,01,D,100,D,1,D,0.0575,D,58,F,542,F,01,D,4000,F
20173,03739871,18,0,1,01,D,100,D,1,D,0.0575,D,345,D,455,D,01,D,24000,D
20173,03740051,18,0,1,01,D,100,D,1,D,0.0575,D,259,D,41,D,01,D,18000,D
20173,03740141,40,0,1,01,D,100,D,1,D,0.0575,D,2731,D,-481,D,01,D,190000,D
20173,03740201,26,0,1,01,D,100,D,1,D,0.0575,D,451,D,468,D,01,D,31400,D
20173,03740641,11,0,1,01,D,100,D,1,D,0.0575,D,474,D,1626,D,01,D,33000,D
20173,03742301,12,0,1,01,D,100,D,1,D,0.0575,D,85,F,815,F,01,D,5900,F
20173,03742861,32,0,1,01,D,100,D,1,D,0.0575,D,863,D,1387,D,01,D,60000,D
20173,03743061,30,0,1,01,D,100,D,1,D,0.0575,D,16,D,586,D,01,D,1104,D
20173,03743081,12,0,1,01,D,100,D,1,D,0.0575,D,17,D,133,D,01,D,1200,D
20173,03743431,15,0,1,01,D,100,D,1,D,0.0575,D,216,F,354,F,01,D,15000,F
20173,03743601,6,0,1,01,D,100,D,1,D,0.0575,D,1279,D,848,D,01,D,89000,D
20174,03568034,32,0,5,01,D,100,D,1,D,0.0600,D,0,F,0,F,01,D,0,F
20174,03568504,28,0,5,01,D,100,D,1,D,0.0600,D,750,D,2850,D,01,D,50000,D
20174,03568584,41,0,5,01,D,100,D,2,D,0.0600,D,,A,,A,01,D,0,D
20174,03570904,49,0,5,01,D,100,D,1,D,0.0600,D,0,D,0,D,02,D,0,D
20174,03570904,50,0,5,01,D,100,D,1,D,0.0600,D,0,D,0,D,01,D,0,D
20174,03571364,29,0,5,01,D,100,D,1,D,0.0600,D,330,D,2670,D,01,D,22000,D
20174,03571894,32,0,5,01,D,100,D,1,D,0.0600,D,225,D,570,D,01,D,15000,D
20174,03572194,31,0,5,01,D,100,D,1,D,0.0600,D,1860,D,30,D,01,D,124000,D
20174,03572284,36,0,5,01,D,100,D,1,D,0.0600,D,360,D,336,D,01,D,24000,D
20174,03572914,40,0,5,01,D,100,D,1,D,0.0600,D,83,D,2717,D,01,D,5500,D
20174,03573304,13,0,5,01,D,100,D,1,D,0.0600,D,244,D,1556,D,01,D,16250,D
20174,03573354,15,0,5,01,D,100,D,1,D,0.0600,D,225,D,975,D,01,D,15000,D
20174,03573644,12,0,5,01,D,100,D,1,D,0.0600,D,1275,D,-405,D,01,D,85000,D
20174,03573774,23,0,5,01,D,100,D,2,D,0.0600,D,,A,,A,01,D,35000,D
20174,03574354,17,0,5,01,D,100,D,2,D,0.0600,D,1050,F,1050,F,01,D,70000,F
20174,03575014,29,0,5,01,D,100,D,2,D,0.0600,D,630,F,1770,F,01,D,42000,F
20174,03575984,31,0,5,01,D,100,D,1,D,0.0600,D,300,D,188,D,01,D,20000,D
20174,03576864,15,0,5,01,D,100,D,1,D,0.0600,D,690,D,3810,D,01,D,46000,D
20174,03577094,24,0,5,01,D,100,D,1,D,0.0600,D,285,D,615,D,01,D,19000,D
20174,03587824,29,0,5,01,D,100,D,1,D,0.0600,D,1026,D,2514,D,01,D,68392,D
20174,03588284,25,0,5,01,D,100,D,1,D,0.0600,D,315,D,375,D,01,D,21000,D
20174,03589124,65,0,5,01,D,100,D,1,D,0.0600,D,4650,D,5400,D,01,D,270560,T
20174,03589494,28,0,5,01,D,100,D,1,D,0.0600,D,480,D,1920,D,01,D,32000,D
20174,03589724,22,0,5,01,D,100,D,2,D,0.0600,D,,A,,A,01,D,50000,D
20174,03590074,25,0,5,01,D,100,D,1,D,0.0600,D,1350,D,-873,D,01,D,90000,D
20174,03590124,29,0,5,01,D,100,D,1,D,0.0600,D,300,D,150,D,01,D,20000,D
20174,03590184,21,0,5,01,D,100,D,1,D,0.0600,D,300,D,600,D,01,D,20000,D
20174,03590194,37,0,5,01,D,100,D,1,D,0.0600,D,780,D,1320,D,01,D,52000,D
20174,03590394,34,0,5,01,D,100,D,1,D,0.0600,D,375,D,300,D,01,D,25000,D
20174,03590654,23,0,5,01,D,100,D,1,D,0.0600,D,300,D,600,D,01,D,20000,D
20174,03590834,44,0,5,01,D,100,D,1,D,0.0600,D,75,D,375,D,01,D,5000,D
20174,03591124,56,0,5,01,D,100,D,1,D,0.0600,D,2775,D,6225,D,01,D,185000,D
20174,03591244,17,0,5,01,D,100,D,2,D,0.0600,D,,A,,A,01,D,6000,D
20174,03591914,19,0,1,01,D,100,D,1,D,0.0600,D,1200,D,600,D,01,D,80000,D
20174,03591914,20,0,1,02,D,300,D,2,D,0.0600,D,,A,,A,01,D,0,D
20174,03591974,22,0,5,01,D,100,D,1,D,0.0600,D,1125,D,675,D,01,D,75000,D
20174,03593324,37,0,5,01,D,100,D,2,D,0.0600,D,,A,,A,01,D,0,D
20174,03594024,29,0,5,01,D,100,D,2,D,0.0600,D,1050,F,1650,F,01,D,70000,F
20174,03595164,19,0,5,01,D,100,D,1,D,0.0600,D,600,D,150,D,01,D,40000,D
20174,03595244,28,0,5,01,D,100,D,1,D,0.0600,D,300,D,150,D,01,D,20000,D
20174,03595764,19,0,5,01,D,100,D,1,D,0.0600,D,27,D,102,D,01,D,1800,D
20174,03596044,43,0,5,01,D,100,D,1,D,0.0600,D,3630,D,870,D,01,D,270560,T
20174,03596674,25,0,5,01,D,100,D,1,D,0.0600,D,983,D,916,D,01,D,65500,D
20174,03597234,19,0,5,01,D,100,D,1,D,0.0600,D,1125,F,-150,F,01,D,75000,F
20174,03597354,30,0,5,01,D,100,D,1,D,0.0600,D,900,D,2100,D,01,D,60000,D
20174,03597834,20,0,5,01,D,100,D,1,D,0.0600,D,135,F,1215,F,01,D,9000,F
20174,03598094,21,0,5,01,D,100,D,1,D,0.0600,D,324,D,201,D,01,D,21600,D
20174,03598634,59,0,5,01,D,100,D,1,D,0.0600,D,2790,D,47488,T,01,D,186000,D
20174,03601404,28,0,5,01,D,100,D,1,D,0.0600,D,1455,D,1545,D,01,D,97000,D
20174,03602034,27,0,5,01,D,100,D,1,D,0.0600,D,83,F,2717,F,01,D,5500,F
20174,03603174,27,0,5,01,D,100,D,1,D,0.0600,D,435,D,551,D,01,D,29000,D
20174,03603394,29,0,5,01,D,100,D,1,D,0.0600,D,255,D,420,D,01,D,17000,D
20174,03603584,52,0,5,01,D,100,D,1,D,0.0600,D,4650,F,5400,F,01,D,270560,V
20174,03604544,34,0,5,01,D,100,D,1,D,0.0600,D,1395,D,-5,D,01,D,93000,D
20174,03604854,35,0,5,01,D,100,D,1,D,0.0600,D,104,F,46,F,01,D,6910,F
20174,03604884,45,0,5,01,D,100,D,1,D,0.0600,D,720,D,-150,D,01,D,48000,D
20174,03605994,18,0,5,01,D,100,D,1,D,0.0600,D,51,D,2949,D,01,D,3400,D
20174,03606144,37,0,5,01,D,100,D,1,D,0.0600,D,45,D,255,D,01,D,3000,D
20174,03606304,36,0,5,01,D,100,D,2,D,0.0600,D,,A,,A,01,D,9500,D
20174,03606904,12,0,5,01,D,100,D,1,D,0.0600,D,720,F,330,F,01,D,48000,F
20174,03608444,26,0,5,01,D,100,D,1,D,0.0600,D,1440,D,660,D,01,D,96000,D
20174,03608694,28,0,5,01,D,100,D,1,D,0.0600,D,1590,D,1242,D,01,D,106000,D
20174,03639633,20,0,5,01,D,100,D,2,D,0.0600,D,,A,,A,01,D,0,D
20174,03640363,11,0,5,01,D,100,D,1,D,0.0600,D,420,F,640,F,01,D,28000,F
20174,03640533,16,0,5,01,D,100,D,1,D,0.0600,D,435,F,551,F,01,D,29000,F
20174,03640743,48,0,5,01,D,100,D,1,D,0.0600,D,1470,D,-373,D,01,D,98000,D
20174,03640783,53,0,5,01,D,100,D,1,D,0.0600,D,269,D,511,D,01,D,17900,D
20174,03640873,53,0,5,01,D,100,D,2,D,0.0600,D,,A,,A,01,D,0,D
20174,03641133,23,0,5,01,D,100,D,1,D,0.0600,D,600,D,150,D,01,D,40000,D
20174,03641653,21,0,5,01,D,100,D,2,D,0.0600,D,,A,,A,01,D,0,D
20174,03641913,20,0,5,01,D,100,D,2,D,0.0600,D,,A,,A,01,D,0,D
20174,03642063,22,0,5,01,D,100,D,2,D,0.0600,D,,A,,A,01,D,0,D
20174,03642093,17,0,5,01,D,100,D,1,D,0.0600,D,0,D,0,D,02,D,0,D
20174,03642093,18,0,5,01,D,100,D,1,D,0.0600,D,18,D,1182,D,01,D,1200,D
20174,03642343,35,0,5,01,D,100,D,2,D,0.0600,D,,A,,A,01,D,0,D
20174,03642613,21,0,5,01,D,100,D,2,D,0.0600,D,,A,,A,01,D,142061,D
20174,03642923,48,0,5,01,D,100,D,1,D,0.0600,D,0,D,0,D,01,D,0,D
20174,03642993,18,0,5,01,D,100,D,1,D,0.0600,D,225,D,525,D,01,D,15000,D
20174,03643633,42,0,5,01,D,100,D,1,D,0.0600,D,300,D,900,D,01,D,20000,D
20174,03644903,21,0,5,01,D,100,D,1,D,0.0600,D,450,D,-75,D,01,D,30000,D
20174,03645093,26,0,5,01,D,100,D,1,D,0.0600,D,180,D,570,D,01,D,12000,D
20174,03645573,16,0,5,01,D,100,D,1,D,0.0600,D,6,D,380,D,01,D,387,D
20174,03646383,40,0,5,01,D,100,D,2,D,0.0600,D,,A,,A,01,D,0,D
20174,03646813,27,0,5,01,D,100,D,1,D,0.0600,D,585,F,15,F,01,D,39000,F
20174,03646943,52,0,5,01,D,100,D,1,D,0.0600,D,1950,D,1050,D,01,D,130000,D
20174,03648063,19,0,5,01,D,100,D,1,D,0.0600,D,600,F,150,F,01,D,40000,F
20174,03648483,21,0,5,01,D,100,D,1,D,0.0600,D,2070,D,-570,D,01,D,138000,D
20174,03648533,16,0,5,01,D,100,D,1,D,0.0600,D,2290,D,1727,D,01,D,152670,D
20174,03649353,47,0,5,01,D,100,D,2,D,0.0600,D,,A,,A,01,D,0,D
20174,03649663,27,0,5,01,D,100,D,1,D,0.0600,D,300,D,1017,D,01,D,20000,D
20174,03649703,18,0,5,01,D,100,D,1,D,0.0600,D,1050,F,47488,V,01,D,70000,F
20174,03650563,28,0,5,01,D,100,D,2,D,0.0600,D,,A,,A,01,D,0,D
20174,03650613,40,0,5,01,D,200,D,1,D,0.0600,D,1125,D,-150,D,01,D,75000,D
20174,03650933,22,0,5,01,D,100,D,2,D,0.0600,D,,A,,A,01,D,15000,D
20174,03651583,12,0,5,01,D,100,D,1,D,0.0600,D,90,D,510,D,01,D,6000,D
20174,03651883,38,0,5,01,D,100,D,1,D,0.0600,D,75,D,162,D,01,D,5000,D
20174,03652143,25,0,5,01,D,100,D,1,D,0.0600,D,240,D,2760,D,01,D,16000,D
20174,03652473,28,0,5,01,D,100,D,1,D,0.0600,D,422,D,-92,D,01,D,28140,D
20174,03652683,14,0,5,01,D,100,D,1,D,0.0600,D,405,D,1095,D,01,D,27000,D
20174,03653723,29,0,5,01,D,100,D,1,D,0.0600,D,345,D,855,D,01,D,23000,D
20174,03655233,21,0,5,01,D,100,D,2,D,0.0600,D,345,F,855,F,01,D,23000,F
20174,03655623,33,0,5,01,D,100,D,1,D,0.0600,D,465,D,-140,D,01,D,31000,D
20174,03655633,16,0,1,01,D,100,D,1,D,0.0600,D,180,D,537,D,01,D,12000,D
20174,03655773,16,0,5,01,D,100,D,1,D,0.0600,D,420,D,640,D,01,D,28000,D
20174,03656043,17,0,5,01,D,100,D,1,D,0.0600,D,735,D,-255,D,01,D,49000,D
20174,03656213,12,0,5,01,D,100,D,1,D,0.0600,D,150,D,550,D,01,D,10000,D
20174,03656853,21,0,5,01,D,100,D,1,D,0.0600,D,270,D,4230,D,01,D,18000,D
20174,03657673,41,0,5,01,D,100,D,1,D,0.0600,D,465,D,885,D,01,D,31000,D
20174,03657903,30,0,5,01,D,100,D,1,D,0.0600,D,1050,D,1650,D,01,D,70000,D
20174,03657903,31,0,5,01,D,100,D,1,D,0.0600,D,900,D,900,D,02,D,60000,D
20174,03659713,46,0,5,01,D,100,D,2,D,0.0600,D,,A,,A,02,D,53000,D
20174,03659713,47,0,5,01,D,100,D,1,D,0.0600,D,420,D,47488,T,01,D,28000,D
20174,03660333,26,0,5,01,D,100,D,2,D,0.0600,D,,A,,A,01,D,175000,D
20174,03661823,25,0,5,01,D,100,D,1,D,0.0600,D,308,D,-113,D,01,D,20500,D
20174,03662213,31,0,5,01,D,100,D,1,D,0.0600,D,150,D,450,D,01,D,10000,D
20174,03662463,30,0,5,01,D,100,D,2,D,0.0600,D,,A,,A,01,D,2500,D
20174,03662673,25,0,5,01,D,100,D,1,D,0.0600,D,720,D,480,D,01,D,48000,D
20174,03662823,38,0,5,01,D,100,D,1,D,0.0600,D,1050,D,47488,T,01,D,70000,D
20174,03662943,31,0,5,01,D,100,D,1,D,0.0600,D,705,D,2295,D,01,D,47000,D
20174,03663093,11,0,5,01,D,100,D,1,D,0.0600,D,900,D,594,D,01,D,60000,D
20174,03663173,24,0,1,02,D,200,D,1,D,0.0600,D,285,D,15,D,01,D,19000,D
20174,03663283,26,0,5,01,D,100,D,1,D,0.0600,D,1339,D,1482,D,01,D,89245,D
20174,03663333,27,0,1,02,D,300,D,2,D,0.0600,D,,A,,A,01,D,0,D
20174,03663343,46,0,5,01,D,100,D,1,D,0.0600,D,330,D,120,D,01,D,22000,D
20174,03665283,16,0,5,01,D,100,D,1,D,0.0600,D,270,D,330,D,01,D,18000,D
20174,03665733,21,0,1,01,D,100,D,2,D,0.0600,D,,A,,A,01,D,0,D
20174,03667063,13,0,5,01,D,100,D,2,D,0.0600,D,750,F,2850,F,01,D,50000,F
20174,03667163,10,0,5,01,D,100,D,2,D,0.0600,D,600,F,150,F,01,D,40000,F
20174,03668053,47,0,5,01,D,100,D,1,D,0.0600,D,225,D,975,D,01,D,15000,D
20174,03669013,39,0,5,01,D,100,D,1,D,0.0600,D,574,D,746,D,01,D,38276,D
20174,03669453,37,0,5,01,D,100,D,2,D,0.0600,D,,A,,A,01,D,0,D
20174,03670013,10,0,5,01,D,100,D,2,D,0.0600,D,0,F,0,F,01,D,0,F
20174,03670013,11,0,5,01,D,100,D,2,D,0.0600,D,645,F,1455,F,02,D,43000,F
20174,03670223,23,0,5,01,D,100,D,1,D,0.0600,D,630,D,-30,D,01,D,42000,D
20174,03670553,35,0,5,01,D,100,D,1,D,0.0600,D,225,D,2775,D,01,D,15000,D
20174,03671333,30,0,5,01,D,100,D,1,D,0.0600,D,0,D,0,D,01,D,0,D
20174,03692582,12,0,5,01,D,100,D,2,D,0.0600,D,,A,,A,01,D,196000,D
20174,03693042,22,0,1,01,D,100,D,1,D,0.0600,D,210,D,390,D,01,D,14000,D
20174,03693692,32,0,5,01,D,100,D,1,D,0.0600,D,540,D,261,D,01,D,36000,D
20174,03694052,34,0,5,02,D,200,D,1,D,0.0600,D,2115,D,2885,D,01,D,141000,D
20174,03694882,15,0,1,01,D,100,D,1,D,0.0600,D,202,F,698,F,01,D,13478,F
20174,03695242,28,0,5,01,D,100,D,1,D,0.0600,D,1050,D,1050,D,01,D,70000,D
20174,03695842,39,0,5,01,D,100,D,1,D,0.0600,D,602,D,-257,D,01,D,40115,D
20174,03696792,20,0,1,01,D,100,D,2,D,0.0600,D,,A,,A,01,D,19449,D
20174,03699292,16,0,5,01,D,100,D,1,D,0.0600,D,1140,F,780,F,01,D,76000,F
20174,03699512,22,0,5,01,D,100,D,1,D,0.0600,D,149,D,9051,D,01,D,9900,D
20174,03699982,34,0,5,01,D,100,D,1,D,0.0600,D,360,D,1240,D,01,D,24000,D
20174,03700032,26,0,5,01,D,100,D,1,D,0.0600,D,795,D,255,D,01,D,53000,D
20174,03700442,51,0,5,02,D,200,D,1,D,0.0600,D,2925,F,75,F,01,D,195000,F
20174,03700652,17,0,1,01,D,100,D,1,D,0.0600,D,420,D,780,D,01,D,28000,D
20174,03713362,25,0,5,01,D,100,D,1,D,0.0600,D,435,D,165,D,01,D,29000,D
20174,03713472,13,0,1,01,D,100,D,2,D,0.0600,D,,A,,A,01,D,6400,D
20174,03713622,26,0,1,01,D,100,D,1,D,0.0600,D,375,D,462,D,01,D,25000,D
20174,03713832,17,0,1,01,D,100,D,1,D,0.0600,D,0,D,0,D,01,D,0,D
20174,03714612,15,0,5,01,D,100,D,1,D,0.0600,D,300,F,150,F,01,D,20000,F
20174,03714912,11,0,5,01,D,100,D,1,D,0.0600,D,720,D,330,D,01,D,48000,D
20174,03715492,32,0,5,01,D,200,D,2,D,0.0600,D,,A,,A,01,D,100004,D
20174,03716512,33,0,5,01,D,100,D,2,D,0.0600,D,,A,,A,01,D,0,D
20174,03717682,47,0,5,01,D,100,D,1,D,0.0600,D,244,D,656,D,01,D,16236,D
20174,03717902,13,0,5,01,D,100,D,1,D,0.0600,D,330,D,670,D,01,D,22000,D
20174,03718752,23,0,5,01,D,100,D,2,D,0.0600,D,600,F,291,F,01,D,40000,F
20174,03719082,26,0,5,01,D,100,D,1,D,0.0600,D,1947,F,3438,F,01,D,129811,F
20174,03719692,26,0,5,01,D,100,D,1,D,0.0600,D,62,D,838,D,01,D,4100,D
20174,03719952,13,0,5,01,D,100,D,1,D,0.0600,D,90,D,510,D,01,D,6000,D
20174,03720362,13,0,5,01,D,100,D,2,D,0.0600,D,,A,,A,01,D,36000,D
20174,03720412,17,0,5,01,D,100,D,1,D,0.0600,D,202,D,698,D,01,D,13478,D
20174,03720712,21,0,5,01,D,100,D,1,D,0.0600,D,135,D,1215,D,01,D,9000,D
20174,03720782,32,0,5,01,D,100,D,1,D,0.0600,D,96,D,104,D,01,D,6400,D
20174,03722372,13,0,5,01,D,100,D,2,D,0.0600,D,330,F,120,F,01,D,22000,F
20174,03722482,21,0,5,01,D,100,D,1,D,0.0600,D,18,D,1182,D,01,D,1200,D
20174,03722662,17,0,5,01,D,100,D,1,D,0.0600,D,1275,F,-405,F,01,D,85000,F
20174,03722842,42,0,5,01,D,100,D,1,D,0.0600,D,330,D,47488,T,01,D,22000,D
20174,03723522,22,0,5,01,D,100,D,1,D,0.0600,D,7,D,443,D,01,D,450,D
20174,03734242,39,0,5,01,D,100,D,2,D,0.0600,D,,A,,A,01,D,4100,D
20174,03734922,13,0,5,01,D,100,D,1,D,0.0600,D,150,D,8850,D,01,D,10000,D
20174,03735442,19,0,5,01,D,100,D,1,D,0.0600,D,45,D,1155,D,01,D,3000,D
20174,03736232,25,0,1,01,D,100,D,1,D,0.0600,D,450,D,5649,D,01,D,30000,D
20174,03736702,27,0,5,01,D,100,D,1,D,0.0600,D,1380,D,-477,D,01,D,92000,D
20174,03736782,67,0,5,01,D,100,D,1,D,0.0600,D,562,D,3438,D,01,D,37466,D
20174,03737502,14,0,1,01,D,100,D,1,D,0.0600,D,180,D,570,D,01,D,12000,D
20174,03737912,19,0,5,01,D,100,D,1,D,0.0600,D,1605,D,-105,D,01,D,107000,D
20174,03738282,22,0,5,01,D,100,D,1,D,0.0600,D,300,F,150,F,01,D,20000,F
20174,03738312,27,0,5,01,D,100,D,2,D,0.0600,D,,A,,A,01,D,10000,D
20174,03738492,21,0,5,01,D,100,D,1,D,0.0600,D,975,F,675,F,01,D,65000,F
20174,03739352,26,0,5,01,D,100,D,1,D,0.0600,D,123,D,477,D,01,D,8232,D
20174,03739872,18,0,5,01,D,100,D,1,D,0.0600,D,338,D,562,D,01,D,22500,D
20174,03740142,29,0,5,01,D,100,D,1,D,0.0600,D,2925,D,75,D,01,D,195000,D
20174,03740202,41,0,5,01,D,100,D,1,D,0.0600,D,375,D,564,D,01,D,25000,D
20174,03740642,16,0,5,01,D,100,D,1,D,0.0600,D,0,F,0,F,01,D,0,F
20174,03742302,22,0,5,01,D,100,D,1,D,0.0600,D,435,F,165,F,01,D,29000,F
20174,03742862,41,0,5,01,D,100,D,1,D,0.0600,D,930,D,47488,T,01,D,62000,D
20174,03743062,30,0,5,01,D,100,D,1,D,0.0600,D,9,D,564,D,01,D,573,D
20174,03743432,21,0,5,01,D,100,D,2,D,0.0600,D,,A,,A,01,D,0,D
20174,03743602,14,0,5,01,D,100,D,,C,0.0600,D,300,F,1017,F,01,D,20000,F
20174,03743862,27,0,5,01,D,100,D,2,D,0.0600,D,,A,,A,01,D,30000,D
20174,03755801,17,0,1,01,D,100,D,1,D,0.0600,D,165,D,585,D,01,D,11000,D
20174,03756501,21,0,1,01,D,100,D,1,D,0.0600,D,525,D,375,D,01,D,35000,D
20174,03757091,28,0,1,01,D,100,D,1,D,0.0600,D,110,D,2390,D,01,D,7300,D
20174,03757461,17,0,1,01,D,100,D,1,D,0.0600,D,630,D,1770,D,01,D,42000,D
20174,03757851,20,0,1,02,D,300,D,1,D,0.0600,D,615,F,1651,V,01,D,84703,V
20174,03757871,18,0,1,01,D,100,D,1,D,0.0600,D,255,D,945,D,01,D,17000,D
20174,03757941,12,0,1,01,D,100,D,1,D,0.0600,D,297,D,453,D,01,D,19800,D
20174,03758221,25,0,1,01,D,100,D,2,D,0.0600,D,,A,,A,01,D,100000,D
20174,03758541,20,0,1,01,D,100,D,1,D,0.0600,D,450,D,-99,D,01,D,30000,D
20174,03758581,15,0,1,01,D,100,D,1,D,0.0600,D,158,D,313,D,01,D,10500,D
20174,03759571,20,0,1,01,D,100,D,1,D,0.0600,D,555,D,495,D,01,D,37000,D
20174,03761311,22,0,1,01,D,100,D,1,D,0.0600,D,882,D,-492,D,01,D,58768,D
20174,03761821,48,0,1,02,D,200,D,1,D,0.0600,D,1499,D,7577,D,01,D,99915,D
20174,03761901,20,0,1,01,D,100,D,2,D,0.0600,D,,A,,A,01,D,0,D
20174,03762041,20,0,1,01,D,100,D,1,D,0.0600,D,1140,D,780,D,01,D,76000,D
20174,03762661,16,0,1,01,D,100,D,2,D,0.0600,D,,A,,A,01,D,0,D
20174,03763121,13,0,1,01,D,100,D,2,D,0.0600,D,,A,,A,01,D,0,D
20174,03763221,16,0,1,01,D,100,D,1,D,0.0600,D,840,D,840,D,01,D,56000,D
20174,03764951,11,0,1,01,D,100,D,2,D,0.0600,D,,A,,A,01,D,6000,D
20174,03765251,35,0,1,01,D,100,D,1,D,0.0600,D,975,D,675,D,01,D,65000,D
20174,03765621,17,0,1,01,D,100,D,2,D,0.0600,D,,A,,A,01,D,0,D
20174,03765631,15,0,1,01,D,100,D,1,D,0.0600,D,18,F,1182,F,01,D,1200,F
20174,03777481,33,0,1,01,D,100,D,1,D,0.0600,D,915,D,336,D,01,D,61000,D
20174,03777961,13,0,1,01,D,100,D,1,D,0.0600,D,17,D,133,D,01,D,1100,D
20174,03778222,13,0,1,01,D,100,D,1,D,0.0600,D,600,D,291,D,01,D,40000,D
20174,03778331,11,0,1,01,D,100,D,1,D,0.0600,D,60,D,120,D,01,D,4000,D
20174,03778381,16,0,1,01,D,100,D,1,D,0.0600,D,285,D,480,D,01,D,19000,D
20174,03778651,26,0,1,01,D,100,D,1,D,0.0600,D,2430,D,-630,D,01,D,162000,D
20174,03778781,9,0,1,01,D,100,D,2,D,0.0600,D,,A,,A,01,D,8000,D
20174,03778991,20,0,1,01,D,100,D,1,D,0.0600,D,615,D,585,D,01,D,41000,D
20174,03779081,12,0,1,01,D,100,D,1,D,0.0600,D,630,D,870,D,01,D,42000,D
20174,03779431,18,0,1,01,D,100,D,1,D,0.0600,D,405,D,720,D,01,D,27000,D
20174,03779511,13,0,1,01,D,100,D,1,D,0.0600,D,1022,D,553,D,01,D,68139,D
20174,03780931,50,0,1,02,D,300,D,1,D,0.0600,D,1947,D,1651,T,01,D,84703,T
20174,03781491,7,0,1,01,D,100,D,1,D,0.0600,D,165,F,585,F,01,D,11000,F
20174,03781671,20,0,1,01,D,100,D,1,D,0.0600,D,1499,F,7577,F,01,D,99915,F
20174,03782391,21,0,1,01,D,100,D,2,D,0.0600,D,,A,,A,01,D,0,D
20174,03782444,20,0,1,02,D,200,D,1,D,0.0600,D,3236,D,1957,D,01,D,270560,T
20174,03783021,12,0,1,01,D,100,D,1,D,0.0600,D,150,D,570,D,01,D,10000,D
20174,03783281,13,0,1,01,D,100,D,1,D,0.0600,D,2250,D,5250,D,01,D,150000,D
20174,03784091,25,0,1,01,D,100,D,1,D,0.0600,D,3075,D,225,D,01,D,270560,T
20174,03784231,27,0,1,01,D,100,D,2,D,0.0600,D,,A,,A,01,D,18000,D
20174,03784471,12,0,1,01,D,100,D,1,D,0.0600,D,104,D,46,D,01,D,6910,D
20174,03784671,15,0,1,01,D,100,D,1,D,0.0600,D,600,D,2400,D,01,D,40000,D
20174,03784831,21,0,1,01,D,100,D,1,D,0.0600,D,795,F,255,F,01,D,53000,F
20174,03786221,11,0,1,01,D,100,D,1,D,0.0600,D,585,D,15,D,01,D,39000,D
20174,03798251,11,0,1,01,D,100,D,1,D,0.0600,D,105,D,795,D,01,D,7000,D
20174,03798682,14,0,1,01,D,100,D,1,D,0.0600,D,75,D,625,D,01,D,5000,D
20174,03798711,15,0,1,02,D,300,D,1,D,0.0600,D,645,D,1651,T,01,D,84703,T
20174,03798951,16,0,1,01,D,100,D,1,D,0.0600,D,345,D,1855,D,01,D,23000,D
20174,03800261,16,0,1,01,D,100,D,2,D,0.0600,D,,A,,A,01,D,0,D
20174,03800261,17,0,1,02,D,300,D,2,D,0.0600,D,,A,,A,01,D,40000,D
20174,03800961,12,0,1,01,D,100,D,1,D,0.0600,D,113,D,181,D,01,D,7500,D
20174,03801281,18,0,1,01,D,100,D,2,D,0.0600,D,,A,,A,01,D,0,D
20174,03801721,17,0,1,01,D,100,D,1,D,0.0600,D,1305,D,1095,D,01,D,87000,D
20174,03802031,15,0,1,01,D,100,D,1,D,0.0600,D,300,D,750,D,01,D,20000,D
20174,03802301,9,0,1,01,D,100,D,1,D,0.0600,D,735,F,-255,F,01,D,49000,F
20174,03803191,22,0,1,01,D,100,D,2,D,0.0600,D,,A,,A,01,D,0,D
20174,03803231,23,0,1,01,D,100,D,1,D,0.0600,D,150,D,225,D,01,D,10000,D
20174,03803521,32,0,1,01,D,100,D,1,D,0.0600,D,1650,D,700,D,01,D,110000,D
20174,03803721,13,0,1,01,D,100,D,1,D,0.0600,D,1050,D,-81,D,01,D,70000,D
20174,03803801,13,0,1,01,D,100,D,2,D,0.0600,D,,A,,A,01,D,8000,D
20174,03804281,39,0,1,01,D,100,D,1,D,0.0600,D,2171,D,-902,D,01,D,144700,D
20174,03804821,20,0,1,01,D,100,D,1,D,0.0600,D,225,D,675,D,01,D,15000,D
20174,03805241,20,0,1,01,D,100,D,1,D,0.0600,D,600,D,-331,D,01,D,40000,D
20174,03805401,15,0,1,01,D,100,D,1,D,0.0600,D,405,D,1095,D,01,D,27000,D
20174,03805501,13,0,1,01,D,100,D,1,D,0.0600,D,420,D,380,D,01,D,28000,D
20174,03805841,15,0,1,01,D,100,D,1,D,0.0600,D,600,D,150,D,01,D,40000,D
20174,03806251,36,0,1,01,D,100,D,1,D,0.0600,D,149,F,9051,F,01,D,9900,F
20174,03807371,24,0,1,01,D,100,D,1,D,0.0600,D,375,D,525,D,01,D,25000,D
20174,03807631,10,0,1,01,D,100,D,2,D,0.0600,D,,A,,A,01,D,7500,D
20181,03639634,20,0,5,01,D,100,D,2,D,0.0600,D,,A,,A,01,D,0,D
20181,03640364,14,0,5,01,D,100,D,1,D,0.0600,D,270,F,1455,F,01,D,18000,F
20181,03640534,20,0,5,01,D,100,D,1,D,0.0600,D,720,D,780,D,01,D,48000,D
20181,03640744,52,0,5,01,D,100,D,1,D,0.0600,D,1485,D,-471,D,01,D,99000,D
20181,03640784,51,0,5,01,D,100,D,1,D,0.0600,D,249,D,501,D,01,D,16600,D
20181,03640874,77,0,5,01,D,100,D,2,D,0.0600,D,,A,,A,01,D,0,D
20181,03640904,20,0,5,01,D,100,D,2,D,0.0600,D,,A,,A,01,D,0,D
20181,03641134,37,0,5,01,D,100,D,1,D,0.0600,D,375,D,675,D,01,D,25000,D
20181,03641194,14,0,5,01,D,100,D,2,D,0.0600,D,,A,,A,01,D,0,D
20181,03641654,31,0,5,01,D,100,D,1,D,0.0600,D,1020,F,780,F,01,D,68000,F
20181,03641914,22,0,5,01,D,100,D,2,D,0.0600,D,,A,,A,01,D,0,D
20181,03642064,23,0,5,01,D,100,D,2,D,0.0600,D,,A,,A,01,D,0,D
20181,03642344,42,0,5,01,D,100,D,2,D,0.0600,D,,A,,A,01,D,0,D
20181,03642614,39,0,5,01,D,100,D,2,D,0.0600,D,,A,,A,01,D,0,D
20181,03642924,55,0,5,01,D,100,D,1,D,0.0600,D,3670,D,9011,D,01,D,270560,T
20181,03642994,31,0,5,01,D,100,D,1,D,0.0600,D,360,F,19,F,01,D,24000,F
20181,03643634,40,0,5,01,D,100,D,1,D,0.0600,D,300,D,900,D,01,D,20000,D
20181,03644904,27,0,5,01,D,100,D,1,D,0.0600,D,735,D,375,D,01,D,49000,D
20181,03645094,25,0,5,01,D,100,D,1,D,0.0600,D,270,D,1455,D,01,D,18000,D
20181,03645574,16,0,5,01,D,100,D,2,D,0.0600,D,,A,,A,01,D,50000,D
20181,03645654,18,0,5,01,D,100,D,2,D,0.0600,D,,A,,A,01,D,0,D
20181,03646384,50,0,5,01,D,100,D,2,D,0.0600,D,,A,,A,02,D,0,D
20181,03646384,51,0,5,01,D,100,D,2,D,0.0600,D,,A,,A,01,D,0,D
20181,03646814,35,0,5,01,D,100,D,1,D,0.0600,D,38,F,1462,F,01,D,2500,F
20181,03646824,28,0,5,01,D,100,D,2,D,0.0600,D,,A,,A,01,D,0,D
20181,03646944,36,0,5,01,D,100,D,1,D,0.0600,D,2100,D,1500,D,01,D,140000,D
20181,03647024,12,0,5,01,D,100,D,1,D,0.0600,D,570,F,30,F,01,D,38000,F
20181,03648064,19,0,5,01,D,100,D,2,D,0.0600,D,750,F,450,F,01,D,50000,F
20181,03648484,33,0,5,01,D,100,D,1,D,0.0600,D,2085,D,-885,D,01,D,139000,D
20181,03648534,23,0,5,01,D,100,D,2,D,0.0600,D,,A,,A,01,D,151947,D
20181,03649354,42,0,5,01,D,100,D,2,D,0.0600,D,,A,,A,01,D,0,D
20181,03649664,18,0,5,01,D,100,D,2,D,0.0600,D,,A,,A,01,D,0,D
20181,03649704,20,0,5,01,D,100,D,1,D,0.0600,D,900,F,-395,F,01,D,60000,F
20181,03650564,34,0,5,01,D,100,D,2,D,0.0600,D,,A,,A,01,D,0,D
20181,03650614,47,0,5,01,D,200,D,2,D,0.0600,D,,A,,A,01,D,70000,D
20181,03650934,17,0,5,01,D,100,D,2,D,0.0600,D,135,F,1365,F,01,D,9000,F
20181,03651584,16,0,5,01,D,100,D,1,D,0.0600,D,90,D,210,D,01,D,6000,D
20181,03651884,40,0,5,01,D,100,D,1,D,0.0600,D,2,D,148,D,01,D,150,D
20181,03652144,28,0,5,01,D,100,D,1,D,0.0600,D,213,D,2787,D,01,D,14170,D
20181,03652474,27,0,5,01,D,100,D,1,D,0.0600,D,422,D,-87,D,01,D,28133,D
20181,03652684,19,0,5,01,D,100,D,1,D,0.0600,D,405,D,1095,D,01,D,27000,D
20181,03653724,30,0,5,01,D,100,D,1,D,0.0600,D,375,D,525,D,01,D,25000,D
20181,03655624,47,0,5,01,D,100,D,1,D,0.0600,D,489,D,496,D,01,D,32600,D
20181,03655634,22,0,5,01,D,100,D,1,D,0.0600,D,138,D,462,D,01,D,9200,D
20181,03655774,15,0,5,01,D,100,D,1,D,0.0600,D,270,D,1230,D,01,D,18000,D
20181,03655944,22,0,5,01,D,100,D,2,D,0.0600,D,300,F,300,F,01,D,20000,F
20181,03656044,16,0,5,01,D,100,D,1,D,0.0600,D,900,D,-395,D,01,D,60000,D
20181,03656854,16,0,5,01,D,100,D,1,D,0.0600,D,120,D,4380,D,01,D,8000,D
20181,03657674,35,0,5,01,D,100,D,1,D,0.0600,D,435,D,915,D,01,D,29000,D
20181,03657904,35,0,5,01,D,100,D,1,D,0.0600,D,975,D,927,D,01,D,65000,D
20181,03657904,36,0,5,01,D,100,D,1,D,0.0600,D,1125,D,675,D,02,D,75000,D
20181,03659714,49,0,5,01,D,100,D,1,D,0.0600,D,405,D,47488,T,01,D,27000,D
20181,03659714,50,0,5,01,D,100,D,1,D,0.0600,D,780,D,420,D,02,D,52000,D
20181,03660334,19,0,5,01,D,100,D,2,D,0.0600,D,,A,,A,01,D,170000,D
20181,03660524,8,0,1,01,D,100,D,1,D,0.0600,D,105,F,1695,F,01,D,7000,F
20181,03660734,13,0,5,01,D,100,D,1,D,0.0600,D,195,F,1080,F,01,D,13000,F
20181,03661824,36,0,5,01,D,100,D,1,D,0.0600,D,308,D,-98,D,01,D,20562,D
20181,03662214,42,0,5,01,D,100,D,1,D,0.0600,D,153,D,447,D,01,D,10222,D
20181,03662464,30,0,5,01,D,100,D,2,D,0.0600,D,,A,,A,01,D,0,D
20181,03662674,28,0,5,01,D,100,D,1,D,0.0600,D,705,D,795,D,01,D,47000,D
20181,03662824,27,0,5,01,D,100,D,2,D,0.0600,D,,A,,A,01,D,0,D
20181,03662944,47,0,5,01,D,100,D,1,D,0.0600,D,735,D,5265,D,01,D,49000,D
20181,03663284,28,0,5,01,D,100,D,1,D,0.0600,D,1280,D,1566,D,01,D,85300,D
20181,03663334,25,0,5,02,D,300,D,2,D,0.0600,D,,A,,A,01,D,0,D
20181,03663344,47,0,5,01,D,100,D,1,D,0.0600,D,315,D,225,D,01,D,21000,D
20181,03665284,18,0,5,01,D,100,D,2,D,0.0600,D,,A,,A,01,D,20000,D
20181,03666554,27,0,5,01,D,100,D,1,D,0.0600,D,60,D,1308,D,01,D,4000,D
20181,03667064,13,0,5,01,D,100,D,2,D,0.0600,D,375,F,525,F,01,D,25000,F
20181,03667164,10,0,5,01,D,100,D,1,D,0.0600,D,90,F,0,F,01,D,6000,F
20181,03668054,42,0,5,01,D,100,D,1,D,0.0600,D,2400,D,3300,D,01,D,160000,D
20181,03669014,34,0,5,01,D,100,D,1,D,0.0600,D,562,D,488,D,01,D,37493,D
20181,03669454,43,0,5,01,D,100,D,1,D,0.0600,D,1045,D,455,D,01,D,69650,D
20181,03670014,10,0,5,01,D,100,D,2,D,0.0600,D,,A,,A,01,D,0,D
20181,03670014,11,0,5,01,D,100,D,2,D,0.0600,D,,A,,A,02,D,0,D
20181,03670224,25,0,5,01,D,100,D,1,D,0.0600,D,630,D,-30,D,01,D,42000,D
20181,03670554,38,0,5,01,D,100,D,1,D,0.0600,D,225,D,2775,D,01,D,15000,D
20181,03671334,35,0,5,01,D,100,D,1,D,0.0600,D,90,D,0,D,01,D,6000,D
20181,03692583,15,0,5,01,D,100,D,2,D,0.0600,D,,A,,A,01,D,195000,D
20181,03693043,27,0,5,01,D,100,D,1,D,0.0600,D,210,D,390,D,01,D,14000,D
20181,03694883,20,0,5,01,D,100,D,1,D,0.0600,D,300,F,11700,F,01,D,20000,F
20181,03695073,31,0,5,01,D,100,D,1,D,0.0600,D,300,D,300,D,01,D,20000,D
20181,03695243,29,0,5,01,D,100,D,1,D,0.0600,D,1020,D,780,D,01,D,68000,D
20181,03695843,42,0,5,01,D,100,D,1,D,0.0600,D,128,D,202,D,01,D,8500,D
20181,03696793,43,0,5,01,D,100,D,1,D,0.0600,D,293,D,-83,D,01,D,19500,D
20181,03699863,33,0,5,01,D,100,D,1,D,0.0600,D,825,D,105,D,01,D,55000,D
20181,03699983,39,0,5,01,D,100,D,1,D,0.0600,D,450,D,1050,D,01,D,30000,D
20181,03700033,31,0,5,01,D,100,D,2,D,0.0600,D,,A,,A,01,D,0,D
20181,03700653,26,0,5,01,D,100,D,1,D,0.0600,D,375,D,705,D,01,D,25000,D
20181,03702243,20,0,5,01,D,100,D,2,D,0.0600,D,,A,,A,01,D,0,D
20181,03713363,52,0,5,01,D,100,D,1,D,0.0600,D,465,D,135,D,01,D,31000,D
20181,03713623,29,0,5,01,D,100,D,1,D,0.0600,D,555,D,432,D,01,D,37000,D
20181,03713833,14,0,5,01,D,100,D,1,D,0.0600,D,24,D,1576,D,01,D,1600,D
20181,03714613,19,0,5,01,D,100,D,1,D,0.0600,D,735,D,753,D,01,D,49000,D
20181,03714913,13,0,5,01,D,100,D,1,D,0.0600,D,720,D,-120,D,01,D,48000,D
20181,03715493,37,0,5,01,D,200,D,2,D,0.0600,D,,A,,A,01,D,0,D
20181,03715533,16,0,5,01,D,100,D,1,D,0.0600,D,2550,D,6450,D,01,D,170000,D
20181,03716513,32,0,5,01,D,100,D,2,D,0.0600,D,,A,,A,01,D,0,D
20181,03717683,35,0,5,01,D,100,D,1,D,0.0600,D,233,D,667,D,01,D,15508,D
20181,03717903,12,0,5,01,D,100,D,1,D,0.0600,D,600,F,69,F,01,D,40000,F
20181,03718753,23,0,5,01,D,100,D,2,D,0.0600,D,,A,,A,01,D,0,D
20181,03719083,22,0,5,01,D,100,D,1,D,0.0600,D,1110,D,2490,D,01,D,74000,D
20181,03719693,34,0,5,01,D,100,D,1,D,0.0600,D,72,D,878,D,01,D,4800,D
20181,03719953,15,0,5,01,D,100,D,2,D,0.0600,D,2100,F,1500,F,01,D,140000,F
20181,03720363,13,0,5,01,D,100,D,1,D,0.0600,D,570,D,4430,D,01,D,38000,D
20181,03720413,23,0,5,01,D,100,D,1,D,0.0600,D,180,D,720,D,01,D,12000,D
20181,03720713,18,0,5,01,D,100,D,1,D,0.0600,D,113,D,1237,D,01,D,7500,D
20181,03720783,30,0,5,01,D,100,D,1,D,0.0600,D,900,D,-300,D,01,D,60000,D
20181,03721323,19,0,1,03,D,200,D,1,D,0.0600,D,2775,D,225,D,01,D,185000,D
20181,03722373,20,0,5,01,D,100,D,1,D,0.0600,D,120,F,600,F,01,D,8000,F
20181,03722483,49,0,5,01,D,100,D,1,D,0.0600,D,17,D,1133,D,01,D,1150,D
20181,03722663,17,0,5,01,D,100,D,2,D,0.0600,D,,A,,A,01,D,62000,D
20181,03722843,48,0,5,01,D,100,D,1,D,0.0600,D,2010,D,1230,D,02,D,134000,D
20181,03722843,49,0,5,01,D,100,D,1,D,0.0600,D,1050,D,1950,D,01,D,70000,D
20181,03723523,28,0,5,01,D,100,D,1,D,0.0600,D,2250,D,-975,D,01,D,150000,D
20181,03734923,7,0,5,01,D,100,D,1,D,0.0600,D,2,D,42,D,01,D,100,D
20181,03735443,19,0,5,01,D,100,D,2,D,0.0600,D,,A,,A,01,D,1000,D
20181,03736703,32,0,5,01,D,100,D,1,D,0.0600,D,795,D,405,D,01,D,53000,D
20181,03736783,59,0,5,01,D,100,D,1,D,0.0600,D,466,D,3284,D,01,D,31092,D
20181,03737503,22,0,5,01,D,100,D,1,D,0.0600,D,165,D,935,D,01,D,11000,D
20181,03737913,23,0,5,01,D,100,D,1,D,0.0600,D,1065,D,47488,T,01,D,71000,D
20181,03738283,30,0,5,01,D,100,D,2,D,0.0600,D,,A,,A,01,D,10000,D
20181,03738313,26,0,5,01,D,100,D,1,D,0.0600,D,150,D,918,D,01,D,10000,D
20181,03738493,24,0,5,01,D,100,D,2,D,0.0600,D,435,F,1415,F,01,D,29000,F
20181,03739353,25,0,5,01,D,100,D,1,D,0.0600,D,293,F,-83,F,01,D,19500,F
20181,03739873,23,0,5,01,D,100,D,1,D,0.0600,D,330,D,570,D,01,D,22000,D
20181,03740203,37,0,5,01,D,100,D,1,D,0.0600,D,450,D,450,D,01,D,30000,D
20181,03740643,22,0,5,01,D,100,D,2,D,0.0600,D,270,F,1230,F,01,D,18000,F
20181,03742303,19,0,5,01,D,100,D,1,D,0.0600,D,2,D,298,D,01,D,153,D
20181,03742863,43,0,5,01,D,100,D,1,D,0.0600,D,300,F,480,F,01,D,20000,F
20181,03743063,36,0,5,01,D,100,D,2,D,0.0600,D,,A,,A,01,D,0,D
20181,03743433,22,0,5,01,D,100,D,2,D,0.0600,D,,A,,A,01,D,5000,D
20181,03743863,28,0,5,01,D,100,D,1,D,0.0600,D,615,F,618,F,01,D,41000,F
20181,03755802,18,0,5,01,D,100,D,1,D,0.0600,D,165,D,585,D,01,D,11000,D
20181,03756502,30,0,5,01,D,100,D,1,D,0.0600,D,600,D,300,D,01,D,40000,D
20181,03757092,47,0,5,01,D,100,D,1,D,0.0600,D,81,D,2919,D,01,D,5400,D
20181,03757462,33,0,5,01,D,100,D,1,D,0.0600,D,600,D,1800,D,01,D,40000,D
20181,03757942,28,0,5,01,D,100,D,2,D,0.0600,D,,A,,A,01,D,10000,D
20181,03758542,26,0,5,01,D,100,D,1,D,0.0600,D,450,D,-93,D,01,D,30000,D
20181,03758582,17,0,5,01,D,100,D,1,D,0.0600,D,135,D,630,D,01,D,9000,D
20181,03759572,27,0,5,01,D,100,D,1,D,0.0600,D,600,D,69,D,01,D,40000,D
20181,03761822,63,0,5,02,D,200,D,1,D,0.0600,D,1215,D,47488,T,01,D,81000,D
20181,03761902,22,0,5,01,D,100,D,2,D,0.0600,D,,A,,A,01,D,0,D
20181,03762042,33,0,5,01,D,100,D,1,D,0.0600,D,1150,D,650,D,01,D,76690,D
20181,03763122,22,0,5,01,D,100,D,2,D,0.0600,D,,A,,A,01,D,13000,D
20181,03763222,24,0,5,01,D,100,D,1,D,0.0600,D,8,D,552,D,01,D,560,D
20181,03764952,21,0,5,01,D,100,D,1,D,0.0600,D,990,D,2010,D,01,D,66000,D
20181,03765252,49,0,5,01,D,100,D,1,D,0.0600,D,2550,F,6450,F,01,D,170000,F
20181,03765622,15,0,5,01,D,100,D,2,D,0.0600,D,990,F,2010,F,01,D,66000,F
20181,03765632,26,0,5,01,D,100,D,1,D,0.0600,D,690,D,0,D,01,D,46000,D
20181,03777482,34,0,5,01,D,100,D,1,D,0.0600,D,180,D,1353,D,01,D,12000,D
20181,03777962,22,0,5,01,D,100,D,1,D,0.0600,D,15,D,75,D,01,D,1000,D
20181,03778332,23,0,5,01,D,100,D,1,D,0.0600,D,32,D,568,D,01,D,2100,D
20181,03778652,32,0,5,01,D,100,D,1,D,0.0600,D,1410,D,-240,D,01,D,94000,D
20181,03778782,13,0,5,01,D,100,D,2,D,0.0600,D,,A,,A,01,D,0,D
20181,03778992,34,0,5,01,D,100,D,1,D,0.0600,D,615,D,618,D,01,D,41000,D
20181,03779082,18,0,5,01,D,100,D,1,D,0.0600,D,630,D,870,D,01,D,42000,D
20181,03779432,21,0,5,01,D,100,D,1,D,0.0600,D,1280,F,1566,F,01,D,85300,F
20181,03779512,20,0,5,01,D,100,D,1,D,0.0600,D,1013,D,562,D,01,D,67550,D
20181,03780932,56,0,5,02,D,300,D,1,D,0.0600,D,1875,D,1651,T,01,D,84703,T
20181,03781472,18,0,5,01,D,100,D,1,D,0.0600,D,2,F,42,F,01,D,100,F
20181,03781492,13,0,5,01,D,100,D,1,D,0.0600,D,720,F,780,F,01,D,48000,F
20181,03781672,20,0,5,01,D,100,D,2,D,0.0600,D,,A,,A,01,D,270560,T
20181,03782392,25,0,5,01,D,100,D,2,D,0.0600,D,,A,,A,01,D,0,D
20181,03783022,21,0,5,01,D,100,D,1,D,0.0600,D,300,D,480,D,01,D,20000,D
20181,03783282,11,0,5,01,D,100,D,1,D,0.0600,D,1470,F,30,F,01,D,98000,F
20181,03783302,28,0,1,01,D,100,D,1,D,0.0600,D,300,D,-260,D,01,D,20000,D
20181,03784092,42,0,5,01,D,100,D,1,D,0.0600,D,3105,D,195,D,01,D,270560,T
20181,03784232,33,0,5,01,D,100,D,1,D,0.0600,D,263,D,1407,D,01,D,17500,D
20181,03784472,22,0,5,01,D,100,D,1,D,0.0600,D,195,D,1080,D,01,D,13000,D
20181,03784672,18,0,5,01,D,100,D,1,D,0.0600,D,375,D,1725,D,01,D,25000,D
20181,03784832,28,0,5,01,D,100,D,1,D,0.0600,D,1275,D,-75,D,01,D,85000,D
20181,03786222,18,0,5,01,D,100,D,1,D,0.0600,D,570,D,30,D,01,D,38000,D
20181,03786682,13,0,1,01,D,100,D,1,D,0.0600,D,422,F,-87,F,01,D,28133,F
20181,03798252,24,0,5,01,D,100,D,1,D,0.0600,D,105,D,795,D,01,D,7000,D
20181,03798683,21,0,5,01,D,100,D,1,D,0.0600,D,75,D,1025,D,01,D,5000,D
20181,03798952,17,0,5,01,D,100,D,1,D,0.0600,D,780,F,420,F,01,D,52000,F
20181,03800962,18,0,5,01,D,100,D,1,D,0.0600,D,150,D,144,D,01,D,10000,D
20181,03801282,38,0,5,01,D,100,D,2,D,0.0600,D,,A,,A,01,D,0,D
20181,03801722,16,0,5,01,D,100,D,1,D,0.0600,D,1290,D,960,D,01,D,86000,D
20181,03802032,28,0,5,01,D,100,D,2,D,0.0600,D,,A,,A,01,D,19500,D
20181,03803192,36,0,5,01,D,100,D,2,D,0.0600,D,,A,,A,01,D,0,D
20181,03803232,28,0,5,01,D,100,D,1,D,0.0600,D,156,D,519,D,01,D,10400,D
20181,03803522,40,0,5,01,D,100,D,1,D,0.0600,D,2175,D,525,D,01,D,145000,D
20181,03803802,20,0,5,01,D,100,D,1,D,0.0600,D,105,D,1695,D,01,D,7000,D
20181,03804282,49,0,5,01,D,100,D,1,D,0.0600,D,405,D,645,D,01,D,27000,D
20181,03804822,34,0,5,01,D,100,D,1,D,0.0600,D,270,D,47488,T,01,D,18000,D
20181,03805132,26,0,1,01,D,100,D,1,D,0.0600,D,1200,D,1800,D,01,D,80000,D
20181,03805402,33,0,5,01,D,100,D,1,D,0.0600,D,465,D,1035,D,01,D,31000,D
20181,03805842,36,0,5,01,D,100,D,2,D,0.0600,D,,A,,A,01,D,0,D
20181,03806192,18,0,1,01,D,100,D,1,D,0.0600,D,120,D,930,D,01,D,8000,D
20181,03806252,40,0,5,01,D,100,D,1,D,0.0600,D,435,F,915,F,01,D,29000,F
20181,03807372,31,0,5,01,D,100,D,1,D,0.0600,D,300,D,600,D,01,D,20000,D
20181,03807632,20,0,5,01,D,100,D,1,D,0.0600,D,30,D,270,D,01,D,2000,D
20181,03819301,21,0,1,01,D,100,D,1,D,0.0600,D,120,D,600,D,01,D,8000,D
20181,03820741,15,0,1,01,D,100,D,1,D,0.0600,D,353,D,383,D,01,D,23500,D
20181,03821081,17,0,1,01,D,100,D,1,D,0.0600,D,480,D,270,D,01,D,32000,D
20181,03821561,32,0,1,01,D,100,D,1,D,0.0600,D,210,D,1590,D,01,D,14000,D
20181,03821661,7,0,1,01,D,100,D,1,D,0.0600,D,330,D,270,D,01,D,22000,D
20181,03821981,16,0,1,01,D,100,D,1,D,0.0600,D,600,D,-300,D,01,D,40000,D
20181,03822191,16,0,1,01,D,100,D,1,D,0.0600,D,135,D,465,D,01,D,9000,D
20181,03822501,22,0,1,01,D,100,D,1,D,0.0600,D,1410,F,-240,F,01,D,94000,F
20181,03822991,26,0,1,01,D,100,D,1,D,0.0600,D,1050,D,-175,D,01,D,70000,D
20181,03823231,28,0,1,01,D,100,D,1,D,0.0600,D,150,D,1350,D,01,D,10000,D
20181,03824541,17,0,1,01,D,100,D,2,D,0.0600,D,,A,,A,01,D,0,D
20181,03825311,11,0,1,01,D,100,D,1,D,0.0600,D,4500,D,300,D,01,D,270560,T
20181,03825341,23,0,1,01,D,100,D,1,D,0.0600,D,135,D,255,D,01,D,9000,D
20181,03825471,27,0,1,01,D,100,D,1,D,0.0600,D,300,D,11700,D,01,D,20000,D
20181,03825901,65,0,1,01,D,100,D,1,D,0.0600,D,630,D,916,D,01,D,42000,D
20181,03826131,34,0,1,01,D,100,D,1,D,0.0600,D,180,D,1470,D,01,D,12000,D
20181,03827271,59,0,1,01,D,100,D,1,D,0.0600,D,495,D,-195,D,01,D,33000,D
20181,03828341,8,0,1,01,D,100,D,1,D,0.0600,D,105,D,1395,D,01,D,7000,D
20181,03828921,31,0,1,01,D,100,D,2,D,0.0600,D,,A,,A,01,D,15000,D
20181,03840091,26,0,1,01,D,100,D,1,D,0.0600,D,1470,D,30,D,01,D,98000,D
20181,03840451,12,0,1,01,D,100,D,1,D,0.0600,D,840,D,810,D,01,D,56000,D
20181,03840771,26,0,1,01,D,100,D,1,D,0.0600,D,795,F,405,F,01,D,53000,F
20181,03841021,11,0,1,01,D,100,D,1,D,0.0600,D,1297,D,665,D,01,D,86447,D
20181,03841061,20,0,1,01,D,100,D,1,D,0.0600,D,660,D,11340,D,01,D,44000,D
20181,03842381,32,0,1,01,D,100,D,1,D,0.0600,D,240,D,10760,D,01,D,16000,D
20181,03843291,15,0,1,02,D,200,D,1,D,0.0600,D,1050,F,225,F,01,D,70000,F
20181,03843391,35,0,1,01,D,100,D,1,D,0.0600,D,135,D,1365,D,01,D,9000,D
20181,03845341,13,0,1,01,D,100,D,1,D,0.0600,D,1215,F,47488,V,01,D,81000,F
20181,03845941,27,0,1,01,D,100,D,1,D,0.0600,D,435,D,1415,D,01,D,29000,D
20181,03846441,31,0,1,01,D,100,D,1,D,0.0600,D,450,D,-354,D,01,D,30000,D
20181,03846521,33,0,1,01,D,100,D,1,D,0.0600,D,1050,D,225,D,01,D,70000,D
20181,03846931,24,0,1,01,D,100,D,1,D,0.0600,D,435,D,15,D,01,D,29000,D
20181,03847001,22,0,1,01,D,100,D,1,D,0.0600,D,62,D,538,D,01,D,4100,D
20181,03847181,28,0,1,01,D,100,D,1,D,0.0600,D,690,D,430,D,01,D,46000,D
20181,03847461,25,0,1,01,D,100,D,2,D,0.0600,D,180,F,1470,F,01,D,12000,F
20181,03847501,14,0,1,01,D,100,D,1,D,0.0600,D,510,F,192,F,01,D,34000,F
20181,03847771,16,0,1,01,D,100,D,1,D,0.0600,D,4290,D,1710,D,01,D,270560,T
20181,03848051,13,0,1,01,D,100,D,1,D,0.0600,D,480,F,270,F,01,D,32000,F
20181,03848361,39,0,1,01,D,100,D,1,D,0.0600,D,1470,D,1730,D,01,D,98000,D
20181,03848441,6,0,1,01,D,100,D,1,D,0.0600,D,304,D,1595,D,01,D,20280,D
20181,03848521,22,0,1,01,D,100,D,1,D,0.0600,D,600,D,-33,D,01,D,40000,D
20181,03849371,12,0,1,01,D,100,D,1,D,0.0600,D,38,D,1462,D,01,D,2500,D
20181,03849881,37,0,1,01,D,100,D,1,D,0.0600,D,308,F,-98,F,01,D,20562,F
20181,03850551,13,0,1,01,D,100,D,2,D,0.0600,D,,A,,A,01,D,1400,D
20181,03850781,15,0,1,01,D,100,D,1,D,0.0600,D,300,D,1200,D,01,D,20000,D
20181,03851051,45,0,1,01,D,100,D,1,D,0.0600,D,1725,D,-17,D,01,D,115000,D
20181,03851051,46,0,1,01,D,100,D,1,D,0.0600,D,30,D,-5,D,02,D,2000,D
20181,03851111,16,0,1,01,D,100,D,1,D,0.0600,D,308,D,2242,D,01,D,20500,D
20181,03851171,13,0,1,01,D,100,D,2,D,0.0600,D,,A,,A,01,D,0,D
20181,03852231,15,0,1,01,D,100,D,1,D,0.0600,D,750,D,450,D,01,D,50000,D
20181,03853051,12,0,1,01,D,100,D,1,D,0.0600,D,615,D,435,D,01,D,41000,D
20181,03854341,26,0,1,01,D,100,D,1,D,0.0600,D,353,F,383,F,01,D,23500,F
20181,03854411,30,0,1,01,D,100,D,1,D,0.0600,D,1044,D,233,D,01,D,69612,D
20181,03854531,15,0,1,01,D,100,D,1,D,0.0600,D,750,D,-375,D,01,D,50000,D
20181,03854991,12,0,1,01,D,100,D,1,D,0.0600,D,345,F,480,F,01,D,23000,F
20181,03855441,29,0,1,01,D,100,D,1,D,0.0600,D,510,D,192,D,01,D,34000,D
20181,03856361,10,0,1,01,D,100,D,1,D,0.0600,D,1140,D,-540,D,01,D,76000,D
20181,03856811,24,0,1,01,D,100,D,1,D,0.0600,D,195,D,4875,D,01,D,13000,D
20181,03857151,14,0,1,01,D,100,D,1,D,0.0600,D,165,F,585,F,01,D,11000,F
20181,03857651,18,0,1,01,D,100,D,1,D,0.0600,D,105,D,45,D,01,D,7000,D
20181,03859001,11,0,1,01,D,100,D,2,D,0.0600,D,,A,,A,01,D,46000,D
20181,03859661,15,0,1,01,D,100,D,1,D,0.0600,D,345,D,480,D,01,D,23000,D
20181,03860021,25,0,1,01,D,100,D,1,D,0.0600,D,360,D,19,D,01,D,24000,D
