QYEAR,NEWID,SEQNO,ALCNO,REC_ORIG,RENTCODE,RENT_ODE,BSNSPCTZ,BSNS_CTZ,QADRENTX,QADR_NTX,ANYVACAT,ANYV_CAT
20171,03386924,21,0,1,105,D,1.0,D,0,D,2,D
20171,03388094,51,0,1,105,D,,A,170,D,1,D
20171,03388894,38,0,1,105,D,,A,245,D,1,D
20171,03389624,48,0,1,105,D,,A,252,D,1,D
20171,03389624,49,0,1,105,D,,A,361,D,1,D
20171,03389814,24,0,1,180,D,,A,25,D,2,D
20171,03391384,24,0,1,105,D,,A,9,D,1,D
20171,03392384,40,0,1,105,D,,A,600,D,1,D
20171,03392464,30,0,1,105,D,,A,320,D,1,D
20171,03393104,36,0,1,105,D,,A,200,D,1,D
20171,03394824,39,0,1,105,D,,A,150,D,1,D
20171,03395214,38,0,1,200,D,,A,2,D,2,D
20171,03395394,36,0,1,105,D,,A,1100,D,1,D
20171,03395974,26,0,1,105,D,,A,260,D,2,D
20171,03396054,21,0,1,105,D,,A,600,D,1,D
20171,03396164,35,0,1,105,D,,A,269,F,2,D
20171,03409524,12,0,1,105,D,,A,120,D,2,D
20171,03409594,40,0,1,105,D,,A,483,D,1,D
20171,03411054,46,0,1,105,D,,A,97,D,1,D
20171,03412884,25,0,1,105,D,1.0,D,0,D,1,D
20171,03414364,42,0,1,105,D,,A,1,D,1,D
20171,03414364,43,0,1,105,D,,A,1,D,2,D
20171,03414734,35,0,1,105,D,,A,150,D,2,D
20171,03414904,18,0,1,105,D,,A,10,D,2,D
20171,03416694,15,0,1,105,D,,A,46,D,2,D
20171,03416724,28,0,1,105,D,,A,2000,D,1,D
20171,03418724,49,0,1,105,D,,A,120,D,1,D
20171,03419214,12,0,1,105,D,,A,300,D,1,D
20171,03419944,11,0,1,105,D,,A,200,D,2,D
20171,03419964,30,0,1,105,D,,A,175,D,1,D
20171,03421464,28,0,1,105,D,,A,400,D,1,D
20171,03422674,28,0,1,105,D,,A,120,D,1,D
20171,03422864,20,0,1,105,D,,A,80,D,2,D
20171,03422904,6,0,1,105,D,,A,650,D,2,D
20171,03425414,28,0,1,105,D,,A,269,F,,C
20171,03426214,14,0,1,105,D,,A,120,D,1,D
20171,03426214,15,0,1,105,D,,A,120,D,1,D
20171,03427434,35,0,1,105,D,,A,450,D,2,D
20171,03442153,11,0,1,120,D,,A,200,D,2,D
20171,03442293,24,0,1,105,D,1.0,D,0,D,2,D
20171,03442893,25,0,1,105,D,,A,120,D,2,D
20171,03444033,10,0,1,105,D,,A,65,D,2,D
20171,03444203,40,0,1,105,D,,A,193,D,2,D
20171,03444743,37,0,1,105,D,,A,145,D,2,D
20171,03445043,21,0,1,105,D,,A,95,D,2,D
20171,03445043,22,0,1,200,D,,A,100,D,1,D
20171,03445623,39,0,1,105,D,,A,440,D,1,D
20171,03446013,54,0,1,105,D,,A,290,D,1,D
20171,03446013,55,0,1,105,D,,A,724,D,1,D
20171,03446013,56,0,1,105,D,,A,256,D,1,D
20171,03447323,70,0,1,105,D,,A,30,D,1,D
20171,03448903,49,0,1,130,D,,A,50,D,1,D
20171,03449563,17,0,1,105,D,,A,168,D,2,D
20171,03449653,27,0,1,105,D,,A,300,D,1,D
20171,03462013,14,0,1,105,D,,A,130,D,1,D
20171,03462743,34,0,1,105,D,,A,18,D,1,D
20171,03463673,22,0,1,105,D,,A,70,D,1,D
20171,03463673,23,0,1,105,D,,A,60,D,1,D
20171,03463853,78,0,1,105,D,,A,70,D,1,D
20171,03465303,79,0,1,105,D,,A,867,D,1,D
20171,03465603,34,0,1,105,D,,A,540,D,2,D
20171,03466563,21,0,1,105,D,,A,90,D,1,D
20171,03466593,12,0,1,105,D,,A,130,D,1,D
20171,03466773,70,0,1,105,D,,A,120,D,2,D
20171,03467843,56,0,1,105,D,,A,90,D,1,D
20171,03468713,36,0,1,105,D,,A,110,D,1,D
20171,03468723,52,0,1,105,D,,A,300,D,2,D
20171,03468893,14,0,1,105,D,,A,128,D,1,D
20171,03468963,32,0,1,105,D,,A,250,D,1,D
20171,03468963,33,0,1,105,D,,A,250,D,1,D
20171,03470063,29,0,1,105,D,,A,260,D,1,D
20171,03471153,31,0,1,105,D,,A,74,D,1,D
20171,03494813,66,0,1,105,D,,A,450,D,1,D
20171,03494813,67,0,1,105,D,,A,250,D,1,D
20171,03495213,29,0,1,105,D,,A,120,D,1,D
20171,03496403,19,0,1,105,D,,A,80,D,1,D
20171,03496613,53,0,1,105,D,,A,300,D,1,D
20171,03499373,23,0,1,105,D,,A,101,D,1,D
20171,03500103,15,0,1,105,D,,A,380,D,2,D
20171,03500423,23,0,1,105,D,,A,300,D,2,D
20171,03501113,49,0,1,105,D,,A,100,D,1,D
20171,03502073,39,0,1,105,D,,A,260,D,1,D
20171,03502493,13,0,1,105,D,,A,400,D,1,D
20171,03503294,18,0,1,200,D,,A,450,D,1,D
20171,03503802,66,0,1,105,D,,A,964,D,1,D
20171,03505202,49,0,1,105,D,,A,60,D,1,D
20171,03506662,22,0,1,105,D,,A,500,D,2,D
20171,03507292,73,0,1,105,D,,A,40,D,2,D
20171,03507592,44,0,1,105,D,,A,30,D,2,D
20171,03507692,27,0,1,105,D,,A,300,D,1,D
20171,03507972,75,0,1,105,D,,A,150,D,1,D
20171,03509592,20,0,1,105,D,,A,150,D,1,D
20171,03510282,32,0,1,105,D,,A,431,D,2,D
20171,03510302,54,0,1,180,D,,A,17,D,2,D
20171,03510602,52,0,1,105,D,,A,180,D,1,D
20171,03510724,14,0,1,105,D,,A,1,D,1,D
20171,03511452,34,0,1,105,D,,A,1200,D,1,D
20171,03511682,61,0,1,105,D,,A,270,D,1,D
20171,03511922,27,0,1,105,D,,A,87,D,1,D
20171,03512442,59,0,1,105,D,,A,200,D,1,D
20171,03513122,12,0,1,105,D,,A,220,D,1,D
20171,03513122,13,0,1,105,D,,A,147,D,1,D
20171,03513562,33,0,1,200,D,,A,200,D,2,D
20171,03524362,24,0,1,105,D,,A,300,D,2,D
20171,03524512,18,0,1,105,D,,A,42,D,2,D
20171,03524772,71,0,1,105,D,,A,350,D,2,D
20171,03525454,19,0,1,180,D,,A,100,D,2,D
20171,03525492,22,0,1,105,D,,A,250,D,1,D
20171,03526702,42,0,1,105,D,,A,70,D,2,D
20171,03527002,44,0,1,105,D,,A,140,D,1,D
20171,03527212,38,0,1,105,D,,A,80,D,1,D
20171,03527392,48,0,1,105,D,,A,175,D,1,D
20171,03530202,11,0,1,105,D,,A,400,D,2,D
20171,03530452,40,0,1,105,D,,A,17,D,2,D
20171,03530472,18,0,1,105,D,,A,160,D,1,D
20171,03530472,19,0,1,105,D,1.0,D,0,D,2,D
20171,03531272,32,0,1,105,D,,A,325,D,1,D
20171,03531912,29,0,1,105,D,,A,75,D,1,D
20171,03531932,59,0,1,105,D,,A,172,D,1,D
20171,03545532,29,0,1,105,D,,A,120,D,1,D
20171,03546012,47,0,1,105,D,,A,130,D,1,D
20171,03546372,41,0,1,105,D,,A,80,D,1,D
20171,03546832,34,0,1,105,D,,A,340,D,1,D
20171,03547082,22,0,1,105,D,,A,250,D,2,D
20171,03547752,27,0,1,105,D,,A,150,D,2,D
20171,03547952,24,0,1,105,D,,A,75,D,2,D
20171,03550072,51,0,1,105,D,,A,337,D,1,D
20171,03550502,21,0,1,105,D,,A,60,D,2,D
20171,03552432,29,0,1,105,D,,A,112,D,2,D
20171,03552702,30,0,1,105,D,,A,225,D,1,D
20171,03553433,24,0,1,105,D,,A,120,D,1,D
20171,03553433,25,0,1,105,D,,A,50,D,2,D
20171,03566501,21,0,1,105,D,,A,230,D,1,D
20171,03566531,56,0,1,105,D,,A,104,D,1,D
20171,03566861,55,0,1,105,D,,A,160,D,2,D
20171,03566971,20,0,1,105,D,,A,500,D,2,D
20171,03567014,12,0,1,105,D,,A,120,D,2,D
20171,03567091,34,0,1,105,D,,A,120,D,1,D
20171,03568341,23,0,1,105,D,,A,205,D,2,D
20171,03569941,52,0,1,105,D,,A,216,D,1,D
20171,03569941,53,0,1,105,D,,A,233,D,2,D
20171,03570901,42,0,1,105,D,,A,446,D,2,D
20171,03570991,22,0,1,105,D,,A,237,D,1,D
20171,03571101,34,0,1,105,D,,A,350,D,1,D
20171,03571101,35,0,1,105,D,,A,1100,D,1,D
20171,03571361,34,0,1,105,D,,A,300,D,1,D
20171,03571774,10,0,1,105,D,,A,78,D,1,D
20171,03571891,44,0,1,105,D,,A,600,D,2,D
20171,03572033,13,0,1,105,D,,A,237,D,1,D
20171,03572561,42,0,1,105,D,.85,D,150,D,2,D
20171,03573262,23,0,1,105,D,,A,780,D,2,D
20171,03573701,9,0,1,105,D,.75,D,75,D,1,D
20171,03574001,27,0,1,105,D,,A,240,D,1,D
20171,03574571,30,0,1,105,D,,A,300,D,1,D
20171,03574691,20,0,1,105,D,,A,1,D,1,D
20171,03574811,33,0,1,105,D,,A,60,D,1,D
20171,03574901,39,0,1,105,D,,A,350,D,1,D
20171,03575161,63,0,1,105,D,,A,161,D,1,D
20171,03575371,19,0,1,105,D,,A,80,D,2,D
20171,03576431,41,0,1,105,D,,A,100,D,2,D
20171,03576771,49,0,1,105,D,,A,220,D,2,D
20171,03587851,18,0,1,105,D,,A,250,D,1,D
20171,03587891,38,0,1,200,D,,A,60,D,1,D
20171,03590431,36,0,1,105,D,,A,50,D,2,D
20171,03591231,41,0,1,105,D,,A,1000,D,2,D
20171,03591874,16,0,1,105,D,,A,59,D,2,D
20171,03592151,67,0,1,105,D,,A,50,D,2,D
20171,03592891,31,0,1,105,D,,A,200,D,1,D
20171,03592891,32,0,1,105,D,,A,250,D,1,D
20171,03593321,29,0,1,105,D,,A,150,D,2,D
20171,03593581,21,0,1,105,D,,A,100,D,2,D
20171,03594583,27,0,1,105,D,1.0,D,0,D,2,D
20171,03595994,32,0,1,105,D,,A,300,D,1,D
20171,03596791,39,0,1,105,D,,A,53,D,2,D
20171,03596791,40,0,1,105,D,,A,130,D,2,D
20171,03597433,23,0,1,105,D,,A,35,D,2,D
20171,03597641,14,0,1,105,D,,A,269,F,2,D
20171,03597653,30,0,1,105,D,,A,250,D,2,D
20171,03598804,14,0,1,105,D,,A,740,D,1,D
20171,03599491,26,0,1,105,D,,A,90,D,1,D
20171,03600051,26,0,1,105,D,1.0,D,0,D,1,D
20171,03600551,20,0,1,105,D,1.0,D,0,D,2,D
20171,03601781,28,0,1,105,D,,A,140,D,1,D
20171,03602071,4,0,1,105,D,,A,1920,D,2,D
20171,03604151,26,0,1,105,D,,A,300,D,1,D
20171,03604791,10,0,1,105,D,,A,60,D,2,D
20171,03605311,14,0,1,105,D,,A,170,D,1,D
20171,03605781,48,0,1,105,D,,A,60,D,2,D
20171,03606141,36,0,1,105,D,,A,720,D,2,D
20171,03606221,28,0,1,105,D,,A,750,D,1,D
20171,03606281,20,0,1,105,D,,A,150,D,1,D
20171,03606471,33,0,1,105,D,,A,1000,D,2,D
20171,03606721,21,0,1,105,D,,A,40,D,1,D
20171,03607581,24,0,1,105,D,,A,600,D,1,D
20171,03607941,39,0,1,105,D,,A,170,D,1,D
20171,03607981,33,0,1,105,D,,A,300,D,2,D
20171,03608371,17,0,1,105,D,,A,190,D,2,D
20172,03440344,26,0,1,105,D,,A,420,D,1,D
20172,03440744,41,0,1,130,D,,A,100,D,2,D
20172,03442424,16,0,1,105,D,,A,78,D,2,D
20172,03443674,55,0,1,200,D,,A,2632,D,1,D
20172,03443894,31,0,1,105,D,,A,40,D,2,D
20172,03444694,17,0,1,105,D,,A,238,F,2,D
20172,03446014,44,0,1,105,D,,A,1000,D,1,D
20172,03446224,27,0,1,105,D,,A,95,D,1,D
20172,03446404,16,0,1,105,D,,A,187,D,2,D
20172,03448014,12,0,1,105,D,,A,105,D,2,D
20172,03448734,45,0,1,105,D,,A,250,D,2,D
20172,03449124,33,0,1,105,D,,A,75,D,1,D
20172,03449254,28,0,1,105,D,,A,500,D,1,D
20172,03449784,12,0,1,105,D,,A,45,D,2,D
20172,03461474,27,0,1,105,D,,A,163,D,1,D
20172,03462134,30,0,1,105,D,,A,1,D,2,D
20172,03462824,59,0,1,105,D,,A,225,D,1,D
20172,03463924,17,0,1,160,D,,A,2098,D,1,D
20172,03464434,34,0,1,105,D,,A,150,D,1,D
20172,03464544,28,0,1,105,D,,A,238,F,1,D
20172,03466444,29,0,1,105,D,,A,450,D,1,D
20172,03466924,37,0,1,105,D,,A,825,D,2,D
20172,03467294,22,0,1,105,D,,A,113,D,1,D
20172,03468944,26,0,1,105,D,,A,6,D,2,D
20172,03468964,42,0,1,105,D,,A,300,D,1,D
20172,03469134,21,0,1,105,D,,A,650,D,1,D
20172,03469154,26,0,1,105,D,,A,76,D,2,D
20172,03469414,31,0,1,105,D,,A,411,D,1,D
20172,03469634,27,0,1,105,D,,A,313,D,2,D
20172,03470004,35,0,1,105,D,,A,125,D,1,D
20172,03492304,24,0,1,105,D,,A,72,D,2,D
20172,03492344,55,0,1,105,D,,A,232,D,2,D
20172,03492644,20,0,1,105,D,,A,153,D,2,D
20172,03493444,30,0,1,105,D,,A,160,D,1,D
20172,03493814,20,0,1,200,D,,A,100,D,2,D
20172,03494394,31,0,1,105,D,,A,350,D,1,D
20172,03495994,21,0,1,105,D,,A,200,D,1,D
20172,03496404,13,0,1,105,D,,A,600,D,1,D
20172,03497914,14,0,1,105,D,,A,250,D,1,D
20172,03498004,22,0,1,105,D,,A,210,D,1,D
20172,03498604,31,0,1,105,D,,A,300,D,1,D
20172,03499854,10,0,1,105,D,,A,200,D,1,D
20172,03499934,31,0,1,105,D,,A,550,D,1,D
20172,03500454,32,0,1,105,D,,A,260,D,1,D
20172,03505143,31,0,1,105,D,,A,1100,D,1,D
20172,03505203,31,0,1,105,D,,A,170,D,1,D
20172,03505683,24,0,1,105,D,,A,120,D,2,D
20172,03506143,30,0,1,105,D,,A,420,D,1,D
20172,03507973,58,0,1,105,D,,A,70,D,2,D
20172,03508043,37,0,1,105,D,,A,103,D,1,D
20172,03509103,41,0,1,105,D,,A,240,D,1,D
20172,03510073,16,0,1,105,D,,A,1050,D,2,D
20172,03511593,42,0,1,105,D,,A,500,D,1,D
20172,03512093,22,0,1,105,D,,A,300,D,1,D
20172,03512443,50,0,1,105,D,,A,80,D,1,D
20172,03513433,28,0,1,105,D,,A,78,D,2,D
20172,03524663,23,0,1,105,D,,A,150,D,2,D
20172,03525203,23,0,1,105,D,,A,180,D,1,D
20172,03525513,18,0,1,105,D,,A,180,D,1,D
20172,03526083,28,0,1,105,D,,A,300,D,2,D
20172,03526453,41,0,1,105,D,,A,279,D,2,D
20172,03526623,27,0,1,105,D,,A,230,D,1,D
20172,03526623,28,0,1,105,D,,A,690,D,2,D
20172,03526853,27,0,1,105,D,,A,300,D,2,D
20172,03526953,40,0,1,105,D,,A,275,D,2,D
20172,03527003,32,0,1,105,D,,A,121,D,1,D
20172,03527703,37,0,1,105,D,,A,38,D,1,D
20172,03528383,17,0,1,105,D,,A,110,D,2,D
20172,03528513,12,0,1,105,D,,A,200,D,2,D
20172,03528653,20,0,1,105,D,,A,400,D,2,D
20172,03528723,17,0,1,105,D,,A,44,D,1,D
20172,03530993,17,0,1,105,D,,A,69,D,2,D
20172,03531143,12,0,1,105,D,,A,250,D,1,D
20172,03531913,26,0,1,105,D,,A,275,D,2,D
20172,03533093,28,0,1,105,D,,A,650,D,1,D
20172,03533963,17,0,1,105,D,,A,1,D,2,D
20172,03534143,20,0,1,105,D,,A,160,D,1,D
20172,03534553,12,0,1,105,D,,A,520,D,1,D
20172,03534883,16,0,1,105,D,,A,86,D,1,D
20172,03545693,28,0,1,105,D,,A,373,D,1,D
20172,03545753,39,0,1,105,D,,A,50,D,2,D
20172,03546833,40,0,1,105,D,,A,112,D,1,D
20172,03547673,34,0,1,105,D,,A,149,D,1,D
20172,03547723,23,0,1,105,D,,A,250,D,2,D
20172,03550073,62,0,1,105,D,,A,442,D,1,D
20172,03551493,7,0,1,180,D,,A,49,D,2,D
20172,03551543,24,0,1,105,D,,A,30,D,2,D
20172,03551773,45,0,1,105,D,,A,160,D,1,D
20172,03552433,26,0,1,105,D,,A,141,D,1,D
20172,03552773,21,0,1,105,D,,A,120,D,2,D
20172,03554963,29,0,1,105,D,,A,90,D,1,D
20172,03555383,36,0,1,105,D,,A,500,D,1,D
20172,03566502,23,0,1,105,D,,A,120,D,1,D
20172,03568342,24,0,1,105,D,,A,125,D,1,D
20172,03568402,13,0,1,105,D,,A,357,F,1,D
20172,03569212,16,0,1,105,D,,A,200,D,2,D
20172,03569212,17,0,1,105,D,,A,2,D,2,D
20172,03569942,60,0,1,105,D,,A,403,D,2,D
20172,03570902,44,0,1,105,D,,A,1332,D,2,D
20172,03571632,33,0,1,105,D,,A,111,D,1,D
20172,03573263,33,0,1,105,D,,A,275,D,1,D
20172,03573672,17,0,1,200,D,,A,450,D,1,D
20172,03574692,19,0,1,105,D,,A,50,D,2,D
20172,03574812,34,0,1,105,D,,A,150,D,1,D
20172,03574942,28,0,1,105,D,,A,400,D,1,D
20172,03575162,41,0,1,105,D,,A,120,D,1,D
20172,03575362,38,0,1,105,D,,A,245,D,1,D
20172,03575362,39,0,1,105,D,,A,679,D,1,D
20172,03575372,29,0,1,105,D,,A,200,D,2,D
20172,03575472,32,0,1,105,D,,A,275,D,1,D
20172,03576432,33,0,1,105,D,,A,600,D,2,D
20172,03588562,30,0,1,105,D,,A,192,D,1,D
20172,03589122,96,0,1,105,D,,A,75,D,1,D
20172,03589772,18,0,1,105,D,,A,227,F,1,D
20172,03589812,32,0,1,105,D,,A,1500,D,2,D
20172,03590192,57,0,1,105,D,,A,400,D,1,D
20172,03591232,47,0,1,105,D,,A,1300,D,1,D
20172,03591892,89,0,1,105,D,,A,60,D,1,D
20172,03591892,90,0,1,105,D,,A,100,D,1,D
20172,03592212,20,0,1,105,D,,A,330,D,1,D
20172,03592212,21,0,1,105,D,.80,D,36,D,1,D
20172,03592742,25,0,1,105,D,,A,78,D,2,D
20172,03593242,59,0,1,105,D,,A,145,D,1,D
20172,03593402,49,0,1,105,D,,A,40,D,2,D
20172,03593642,40,0,1,105,D,,A,1200,D,2,D
20172,03594922,33,0,1,105,D,,A,152,D,1,D
20172,03595022,46,0,1,105,D,,A,60,D,1,D
20172,03595822,26,0,1,150,D,,A,120,D,1,D
20172,03596512,29,0,1,105,D,,A,345,D,1,D
20172,03597102,15,0,1,105,D,,A,600,D,2,D
20172,03599492,32,0,1,105,D,,A,70,D,1,D
20172,03600562,26,0,1,105,D,,A,800,D,1,D
20172,03600562,27,0,1,160,D,,A,200,D,1,D
20172,03600582,13,0,1,105,D,,A,300,D,1,D
20172,03601782,27,0,1,105,D,,A,750,D,1,D
20172,03602482,20,0,1,105,D,,A,400,D,1,D
20172,03603532,91,0,1,105,D,,A,135,D,1,D
20172,03604152,30,0,1,105,D,,A,200,D,1,D
20172,03606052,41,0,1,105,D,,A,235,D,1,D
20172,03606282,31,0,1,160,D,,A,275,D,1,D
20172,03606542,47,0,1,170,D,,A,4,D,2,D
20172,03606572,29,0,1,105,D,,A,107,D,1,D
20172,03606722,33,0,1,105,D,,A,75,D,1,D
20172,03608632,36,0,1,105,D,,A,80,D,2,D
20172,03640351,16,0,1,105,D,,A,180,D,1,D
20172,03640411,24,0,1,105,D,,A,250,D,1,D
20172,03640451,20,0,1,120,D,,A,300,D,1,D
20172,03641111,15,0,1,105,D,,A,188,D,1,D
20172,03641281,37,0,1,105,D,,A,170,D,2,D
20172,03641731,21,0,1,105,D,,A,225,D,1,D
20172,03641921,9,0,1,105,D,,A,200,D,1,D
20172,03642731,28,0,1,105,D,,A,135,D,1,D
20172,03644731,20,0,1,105,D,,A,110,D,1,D
20172,03644731,21,0,1,105,D,,A,70,D,1,D
20172,03645041,13,0,1,105,D,,A,200,D,1,D
20172,03645251,25,0,1,105,D,,A,260,D,1,D
20172,03645401,19,0,1,105,D,,A,360,D,1,D
20172,03645711,17,0,1,105,D,,A,200,D,1,D
20172,03645851,14,0,1,105,D,,A,200,D,1,D
20172,03647081,35,0,1,105,D,,A,410,D,1,D
20172,03647771,20,0,1,105,D,,A,384,D,2,D
20172,03648071,22,0,1,105,D,,A,611,D,1,D
20172,03648351,20,0,1,105,D,,A,45,D,1,D
20172,03648411,14,0,1,105,D,,A,250,D,1,D
20172,03649271,43,0,1,105,D,,A,2000,D,1,D
20172,03649461,32,0,1,105,D,,A,150,D,1,D
20172,03649521,26,0,1,105,D,,A,200,D,2,D
20172,03649721,8,0,1,105,D,,A,1200,D,2,D
20172,03649761,23,0,1,105,D,,A,78,D,1,D
20172,03649771,36,0,1,105,D,,A,220,D,2,D
20172,03649861,28,0,1,105,D,,A,200,D,1,D
20172,03650261,20,0,1,105,D,,A,300,D,1,D
20172,03650391,26,0,1,105,D,,A,300,D,1,D
20172,03650511,34,0,1,105,D,,A,100,D,1,D
20172,03650941,27,0,1,105,D,,A,269,D,1,D
20172,03651331,11,0,1,105,D,,A,240,D,2,D
20172,03651592,19,0,1,105,D,,A,215,D,1,D
20172,03652331,4,0,1,105,D,,A,40,D,2,D
20172,03653471,33,0,1,105,D,,A,70,D,2,D
20172,03653673,28,0,1,200,D,,A,200,D,2,D
20172,03654191,30,0,1,150,D,,A,200,D,2,D
20172,03654431,18,0,1,105,D,,A,40,D,2,D
20172,03655021,38,0,1,105,D,,A,330,D,1,D
20172,03655513,6,0,1,200,D,,A,110,D,2,D
20172,03655531,33,0,1,105,D,,A,140,D,2,D
20172,03655591,14,0,1,105,D,,A,460,D,1,D
20172,03655981,23,0,1,105,D,,A,333,D,1,D
20172,03656511,11,0,1,105,D,,A,40,D,1,D
20172,03657671,28,0,1,105,D,.80,D,12,D,2,D
20172,03657841,15,0,1,105,D,,A,160,D,2,D
20172,03658521,25,0,1,105,D,,A,133,D,1,D
20172,03658911,28,0,1,105,D,,A,777,D,2,D
20172,03659112,56,0,1,105,D,,A,100,D,2,D
20172,03660451,28,0,1,105,D,,A,1644,D,2,D
20172,03660471,14,0,1,200,D,,A,300,D,1,D
20172,03660591,15,0,1,105,D,,A,400,D,1,D
20172,03660711,30,0,1,105,D,,A,224,D,2,D
20172,03661871,32,0,1,105,D,,A,450,D,1,D
20172,03662741,37,0,1,105,D,,A,200,D,2,D
20172,03662741,38,0,1,105,D,,A,500,D,1,D
20172,03662941,48,0,1,105,D,1.0,D,0,D,2,D
20172,03663274,18,0,1,105,D,,A,1400,D,1,D
20172,03663274,19,0,1,180,D,,A,400,D,1,D
20172,03663741,20,0,1,105,D,,A,1200,D,1,D
20172,03663751,37,0,1,105,D,,A,350,D,1,D
20172,03663791,49,0,1,105,D,,A,78,D,2,D
20172,03663811,8,0,1,105,D,,A,630,D,1,D
20172,03665504,19,0,1,105,D,,A,100,D,2,D
20172,03666591,11,0,1,105,D,,A,300,D,2,D
20172,03666681,21,0,1,105,D,,A,1,D,2,D
20172,03666761,31,0,1,105,D,,A,150,D,1,D
20172,03667044,13,0,1,105,D,,A,83,D,1,D
20172,03667592,28,0,1,105,D,,A,150,D,1,D
20172,03667621,40,0,1,105,D,,A,175,D,1,D
20172,03668401,20,0,1,105,D,,A,40,D,2,D
20172,03668791,19,0,1,105,D,,A,232,D,2,D
20172,03669391,25,0,1,105,D,,A,450,D,1,D
20172,03670371,69,0,1,105,D,,A,485,D,1,D
20172,03671331,30,0,1,105,D,,A,137,D,2,D
20173,03503124,18,0,1,105,D,,A,40,D,2,D
20173,03503454,35,0,1,105,D,,A,230,D,1,D
20173,03503994,43,0,1,105,D,,A,60,D,1,D
20173,03504384,41,0,1,105,D,,A,100,D,2,D
20173,03504464,35,0,1,105,D,,A,150,D,1,D
20173,03505144,26,0,1,105,D,,A,500,D,1,D
20173,03505204,34,0,1,105,D,,A,155,D,1,D
20173,03506074,13,0,1,105,D,,A,200,D,1,D
20173,03507594,32,0,1,105,D,,A,120,D,1,D
20173,03507974,68,0,1,105,D,,A,300,D,1,D
20173,03508044,43,0,1,105,D,,A,261,D,1,D
20173,03508524,32,0,1,105,D,,A,750,D,1,D
20173,03508934,48,0,1,160,D,,A,350,D,2,D
20173,03508954,23,0,1,105,D,,A,17,D,1,D
20173,03509394,33,0,1,105,D,,A,1400,D,2,D
20173,03509804,41,0,1,130,D,,A,3000,D,2,D
20173,03510304,49,0,1,105,D,,A,131,D,1,D
20173,03510304,50,0,1,105,D,,A,50,D,1,D
20173,03510304,51,0,1,105,D,,A,99,D,1,D
20173,03510304,52,0,1,105,D,,A,100,D,2,D
20173,03510604,54,0,1,105,D,,A,240,D,1,D
20173,03510814,14,0,1,105,D,,A,95,D,1,D
20173,03511124,44,0,1,160,D,,A,80,D,2,D
20173,03511314,34,0,1,105,D,,A,120,D,2,D
20173,03511354,36,0,1,105,D,,A,435,D,1,D
20173,03512064,37,0,1,105,D,,A,220,D,1,D
20173,03512144,18,0,1,105,D,,A,56,D,1,D
20173,03512434,21,0,1,105,D,,A,154,D,2,D
20173,03512444,46,0,1,105,D,,A,60,D,1,D
20173,03512934,21,0,1,105,D,,A,25,D,2,D
20173,03513124,10,0,1,105,D,,A,391,D,1,D
20173,03513124,11,0,1,150,D,,A,75,D,1,D
20173,03524024,21,0,1,105,D,,A,70,D,1,D
20173,03524024,22,0,1,105,D,,A,200,D,1,D
20173,03524364,32,0,1,105,D,,A,35,D,1,D
20173,03524424,40,0,1,105,D,,A,300,D,1,D
20173,03524934,30,0,1,105,D,,A,140,D,1,D
20173,03524944,18,0,1,105,D,,A,700,D,1,D
20173,03525634,23,0,1,105,D,,A,310,F,,C
20173,03526624,23,0,1,105,D,,A,630,D,2,D
20173,03526684,27,0,1,105,D,,A,161,D,1,D
20173,03526954,30,0,1,105,D,,A,55,D,1,D
20173,03526954,31,0,1,105,D,,A,83,D,1,D
20173,03527004,26,0,1,105,D,,A,100,D,1,D
20173,03527214,31,0,1,105,D,,A,112,D,1,D
20173,03527224,8,0,1,105,D,,A,60,D,2,D
20173,03527354,30,0,1,105,D,,A,173,D,2,D
20173,03527444,28,0,1,105,D,,A,80,D,1,D
20173,03527594,27,0,1,105,D,,A,780,D,1,D
20173,03528264,10,0,1,105,D,,A,400,D,1,D
20173,03528744,36,0,1,105,D,,A,1900,D,1,D
20173,03530474,19,0,1,105,D,.50,D,50,D,1,D
20173,03530474,20,0,1,105,D,.25,D,145,D,1,D
20173,03530914,31,0,1,105,D,,A,81,D,2,D
20173,03531274,35,0,1,105,D,,A,80,D,1,D
20173,03532184,55,0,1,105,D,,A,170,D,2,D
20173,03532184,56,0,1,105,D,,A,95,D,2,D
20173,03532334,40,0,1,130,D,,A,90,D,1,D
20173,03532684,34,0,1,105,D,,A,240,D,1,D
20173,03532784,14,0,1,105,D,,A,969,D,2,D
20173,03532824,45,0,1,105,D,,A,704,D,1,D
20173,03533774,34,0,1,105,D,,A,225,D,2,D
20173,03534474,36,0,1,170,D,,A,48,D,2,D
20173,03545624,38,0,1,105,D,,A,65,D,2,D
20173,03546144,20,0,1,105,D,,A,2005,D,1,D
20173,03546834,39,0,1,105,D,,A,340,D,1,D
20173,03547454,31,0,1,105,D,,A,890,D,1,D
20173,03548944,67,0,1,105,D,,A,110,D,1,D
20173,03548984,47,0,1,105,D,,A,202,D,1,D
20173,03551994,40,0,1,105,D,,A,25,D,2,D
20173,03552584,23,0,1,105,D,,A,500,D,1,D
20173,03552854,37,0,1,105,D,,A,308,D,2,D
20173,03554534,14,0,1,105,D,,A,655,D,2,D
20173,03554964,40,0,1,105,D,,A,300,D,1,D
20173,03555384,39,0,1,105,D,,A,100,D,1,D
20173,03567143,17,0,1,105,D,,A,192,D,2,D
20173,03568343,30,0,1,105,D,,A,150,D,1,D
20173,03568343,31,0,1,105,D,,A,170,D,1,D
20173,03569013,56,0,1,105,D,,A,360,D,1,D
20173,03569803,49,0,1,105,D,,A,80,D,1,D
20173,03569903,46,0,1,105,D,,A,223,D,2,D
20173,03570643,31,0,1,105,D,,A,910,D,1,D
20173,03571863,31,0,1,105,D,,A,249,D,1,D
20173,03572594,10,0,1,105,D,,A,700,D,2,D
20173,03573133,3,0,1,160,D,,A,100,D,2,D
20173,03574573,41,0,1,105,D,,A,812,D,1,D
20173,03574643,30,0,1,105,D,,A,1000,D,1,D
20173,03575163,52,0,1,105,D,,A,55,D,1,D
20173,03575923,71,0,1,105,D,,A,268,D,1,D
20173,03576733,21,0,1,105,D,,A,400,D,1,D
20173,03577153,29,0,1,105,D,,A,160,D,2,D
20173,03588773,47,0,1,180,D,,A,270,D,1,D
20173,03589533,37,0,1,105,D,,A,163,D,1,D
20173,03589883,53,0,1,105,D,,A,97,D,1,D
20173,03589883,54,0,1,200,D,,A,100,D,2,D
20173,03591123,82,0,1,105,D,,A,250,D,2,D
20173,03591354,13,0,1,105,D,,A,280,D,2,D
20173,03591893,80,0,1,105,D,,A,250,D,1,D
20173,03591893,81,0,1,105,D,,A,250,D,1,D
20173,03591893,82,0,1,105,D,,A,250,D,1,D
20173,03592023,35,0,1,105,D,,A,650,D,1,D
20173,03592203,25,0,1,105,D,,A,280,D,1,D
20173,03592213,17,0,1,105,D,,A,1,D,2,D
20173,03592643,14,0,1,105,D,,A,130,D,1,D
20173,03593423,34,0,1,105,D,,A,1,D,1,D
20173,03593763,29,0,1,105,D,,A,150,D,2,D
20173,03595103,40,0,1,105,D,,A,200,D,1,D
20173,03595203,44,0,1,105,D,,A,310,F,1,D
20173,03595333,37,0,1,105,D,,A,100,D,1,D
20173,03595453,9,0,1,105,D,,A,300,D,2,D
20173,03595583,25,0,1,105,D,,A,150,D,2,D
20173,03596513,31,0,1,105,D,,A,55,D,2,D
20173,03597233,29,0,1,105,D,,A,1000,D,1,D
20173,03597293,11,0,1,105,D,,A,300,D,1,D
20173,03597773,13,0,1,105,D,,A,155,D,1,D
20173,03598663,47,0,1,160,D,,A,400,D,1,D
20173,03598733,40,0,1,105,D,,A,500,D,1,D
20173,03599193,26,0,1,105,D,,A,60,D,2,D
20173,03599263,30,0,1,105,D,,A,375,D,1,D
20173,03600583,18,0,1,105,D,,A,260,D,1,D
20173,03604053,18,0,1,105,D,,A,300,D,2,D
20173,03604163,10,0,1,105,D,,A,300,D,1,D
20173,03606283,22,0,1,105,D,,A,400,D,1,D
20173,03606833,28,0,1,105,D,,A,500,D,2,D
20173,03607403,36,0,1,105,D,,A,550,D,1,D
20173,03607943,40,0,1,105,D,,A,220,D,1,D
20173,03608633,35,0,1,105,D,,A,100,D,2,D
20173,03608773,14,0,1,105,D,,A,500,D,1,D
20173,03639632,33,0,1,105,D,,A,398,D,1,D
20173,03640432,20,0,1,105,D,,A,60,D,2,D
20173,03640432,21,0,1,105,D,,A,60,D,2,D
20173,03640532,21,0,1,105,D,,A,150,D,1,D
20173,03640812,37,0,1,105,D,,A,2,D,2,D
20173,03640982,24,0,1,120,D,,A,400,D,2,D
20173,03641112,16,0,1,160,D,,A,150,D,1,D
20173,03641672,35,0,1,105,D,,A,150,D,1,D
20173,03641732,21,0,1,105,D,,A,250,D,1,D
20173,03641992,22,0,1,105,D,,A,120,D,1,D
20173,03643402,50,0,1,105,D,,A,300,D,1,D
20173,03643762,57,0,1,105,D,,A,200,D,1,D
20173,03643872,15,0,1,105,D,,A,260,D,1,D
20173,03644382,20,0,1,105,D,,A,160,D,1,D
20173,03644732,22,0,1,105,D,,A,92,D,1,D
20173,03645192,14,0,1,105,D,,A,250,D,1,D
20173,03645482,14,0,1,105,D,,A,170,D,1,D
20173,03645712,27,0,1,105,D,,A,600,D,1,D
20173,03645712,28,0,1,160,D,,A,1300,D,1,D
20173,03646172,49,0,1,105,D,,A,152,D,1,D
20173,03646172,50,0,1,120,D,,A,3210,D,1,D
20173,03646612,32,0,1,105,D,,A,600,D,1,D
20173,03647222,43,0,1,105,D,,A,90,D,1,D
20173,03647732,14,0,1,105,D,,A,50,D,2,D
20173,03647982,51,0,1,180,D,,A,44,D,1,D
20173,03649122,27,0,1,200,D,,A,50,D,2,D
20173,03649462,45,0,1,105,D,,A,155,D,1,D
20173,03649462,46,0,1,105,D,,A,281,D,1,D
20173,03649522,37,0,1,105,D,,A,705,D,1,D
20173,03650262,30,0,1,105,D,,A,59,D,1,D
20173,03650262,31,0,1,105,D,,A,87,D,1,D
20173,03650462,43,0,1,105,D,,A,559,D,1,D
20173,03650602,35,0,1,105,D,,A,300,D,1,D
20173,03650612,51,0,1,105,D,,A,600,D,1,D
20173,03650742,41,0,1,105,D,,A,75,D,1,D
20173,03651422,53,0,1,180,D,,A,680,D,1,D
20173,03651902,31,0,1,105,D,,A,750,D,1,D
20173,03652202,40,0,1,105,D,,A,528,D,1,D
20173,03652222,29,0,1,105,D,,A,450,D,1,D
20173,03652972,33,0,1,105,D,,A,135,D,1,D
20173,03652972,34,0,1,105,D,1.0,D,0,D,1,D
20173,03653242,22,0,1,105,D,,A,225,D,1,D
20173,03653472,42,0,1,105,D,,A,26,D,2,D
20173,03654142,28,0,1,105,D,,A,409,D,1,D
20173,03655592,19,0,1,105,D,,A,411,D,1,D
20173,03655982,29,0,1,160,D,,A,80,D,1,D
20173,03657482,21,0,1,105,D,,A,100,D,2,D
20173,03657672,40,0,1,160,D,,A,150,D,1,D
20173,03657842,17,0,1,105,D,,A,83,D,2,D
20173,03658142,52,0,1,105,D,,A,275,D,2,D
20173,03658612,13,0,1,105,D,,A,1495,D,1,D
20173,03658612,14,0,1,105,D,,A,260,D,1,D
20173,03658612,15,0,1,105,D,,A,40,D,2,D
20173,03659092,50,0,1,105,D,,A,500,D,2,D
20173,03660052,33,0,1,105,D,,A,900,D,1,D
20173,03660362,40,0,1,105,D,,A,150,D,2,D
20173,03660382,29,0,1,105,D,,A,8,D,2,D
20173,03660382,30,0,1,105,D,,A,9,D,2,D
20173,03661822,45,0,1,105,D,,A,350,D,1,D
20173,03662152,28,0,1,105,D,,A,500,D,1,D
20173,03662692,71,0,1,180,D,,A,70,D,2,D
20173,03664212,27,0,1,105,D,,A,140,D,1,D
20173,03664412,22,0,1,105,D,.80,D,60,D,1,D
20173,03665892,27,0,1,105,D,,A,19,D,2,D
20173,03666052,27,0,1,105,D,,A,40,D,1,D
20173,03666202,28,0,1,105,D,,A,335,D,2,D
20173,03667082,15,0,1,105,D,,A,310,F,1,D
20173,03667104,9,0,1,105,D,,A,600,D,1,D
20173,03667593,54,0,1,120,D,,A,800,D,1,D
20173,03668492,61,0,1,105,D,,A,350,D,1,D
20173,03669392,24,0,1,105,D,,A,430,D,1,D
20173,03670352,35,0,1,105,D,,A,25,D,2,D
20173,03670662,15,0,1,105,D,,A,3600,D,1,D
20173,03671092,10,0,1,105,D,,A,250,D,1,D
20173,03692353,28,0,1,105,D,,A,160,D,2,D
20173,03692761,29,0,1,160,D,,A,50,D,2,D
20173,03693331,20,0,1,105,D,,A,300,D,1,D
20173,03693351,54,0,1,105,D,,A,800,D,1,D
20173,03693351,55,0,1,105,D,,A,316,F,1,D
20173,03693381,29,0,1,150,D,,A,475,D,1,D
20173,03693641,25,0,1,105,D,,A,350,D,1,D
20173,03693861,26,0,1,105,D,,A,284,D,1,D
20173,03694391,12,0,1,105,D,,A,321,F,2,D
20173,03695261,14,0,1,105,D,,A,321,F,1,D
20173,03695761,28,0,1,105,D,,A,240,D,1,D
20173,03696001,24,0,1,105,D,,A,292,F,1,D
20173,03697641,12,0,1,105,D,,A,365,D,1,D
20173,03697671,37,0,1,105,D,,A,325,D,1,D
20173,03698091,22,0,1,105,D,,A,240,D,1,D
20173,03698321,18,0,1,105,D,,A,1350,D,2,D
20173,03698381,30,0,1,105,D,,A,64,D,1,D
20173,03698461,26,0,1,170,D,,A,120,D,1,D
20173,03699681,32,0,1,105,D,,A,400,D,1,D
20173,03699701,51,0,1,105,D,,A,85,D,1,D
20173,03699751,17,0,1,105,D,,A,340,D,1,D
20173,03701001,17,0,1,105,D,,A,480,D,1,D
20173,03701131,47,0,1,105,D,,A,49,D,2,D
20173,03702091,26,0,1,105,D,,A,440,D,1,D
20173,03702341,22,0,1,160,D,,A,470,D,2,D
20173,03713251,11,0,1,105,D,,A,180,D,1,D
20173,03713711,13,0,1,105,D,,A,1700,D,1,D
20173,03713711,14,0,1,180,D,,A,120,D,2,D
20173,03713871,6,0,1,105,D,,A,200,D,1,D
20173,03714331,24,0,1,105,D,,A,20,D,2,D
20173,03715081,10,0,1,105,D,,A,298,D,1,D
20173,03715291,30,0,1,105,D,,A,594,D,2,D
20173,03716081,23,0,1,160,D,,A,70,D,2,D
20173,03716261,10,0,1,105,D,,A,400,D,2,D
20173,03717331,5,0,1,105,D,,A,800,D,1,D
20173,03717621,27,0,1,105,D,,A,300,D,1,D
20173,03717694,5,0,1,105,D,,A,40,D,2,D
20173,03717861,21,0,1,105,D,,A,110,D,2,D
20173,03718663,23,0,1,105,D,,A,150,D,2,D
20173,03718801,16,0,1,105,D,,A,300,D,1,D
20173,03718951,10,0,1,105,D,,A,400,D,1,D
20173,03719353,36,0,1,105,D,,A,150,D,2,D
20173,03719521,13,0,1,105,D,,A,60,D,1,D
20173,03719561,19,0,1,105,D,,A,600,D,2,D
20173,03719651,38,0,1,105,D,,A,292,F,1,D
20173,03719881,17,0,1,105,D,,A,260,D,1,D
20173,03722531,26,0,1,105,D,,A,200,D,2,D
20173,03723381,31,0,1,170,D,,A,25,D,2,D
20173,03723481,25,0,1,105,D,,A,24,D,1,D
20173,03723521,41,0,1,105,D,,A,1600,D,1,D
20173,03723751,46,0,1,105,D,,A,100,D,2,D
20173,03734091,9,0,1,105,D,,A,500,D,1,D
20173,03734111,16,0,1,160,D,,A,60,D,2,D
20173,03734141,26,0,1,105,D,,A,300,D,1,D
20173,03735491,28,0,1,105,D,,A,176,D,1,D
20173,03735491,29,0,1,200,D,,A,250,D,1,D
20173,03735771,16,0,1,120,D,,A,50,D,1,D
20173,03735881,20,0,1,105,D,,A,110,D,2,D
20173,03736281,19,0,1,105,D,,A,300,D,1,D
20173,03736971,17,0,1,105,D,,A,350,D,1,D
20173,03737771,22,0,1,105,D,,A,400,D,1,D
20173,03737771,23,0,1,160,D,,A,300,D,1,D
20173,03738521,53,0,1,105,D,,A,150,D,1,D
20173,03738671,20,0,1,105,D,,A,500,D,1,D
20173,03738821,31,0,1,105,D,,A,100,D,2,D
20173,03739001,16,0,1,105,D,,A,500,D,1,D
20173,03739291,41,0,1,105,D,,A,100,D,1,D
20173,03739404,12,0,1,105,D,,A,130,D,2,D
20173,03739821,20,0,1,105,D,,A,80,D,2,D
20173,03740141,48,0,1,105,D,,A,250,D,2,D
20173,03740141,49,0,1,160,D,,A,480,D,1,D
20173,03740161,46,0,1,105,D,,A,772,D,1,D
20173,03740731,64,0,1,105,D,,A,200,D,2,D
20173,03742291,17,0,1,105,D,,A,160,D,1,D
20173,03742791,23,0,1,105,D,,A,90,D,2,D
20173,03742981,14,0,1,105,D,,A,2,D,2,D
20173,03742994,10,0,1,105,D,.10,D,225,D,1,D
20173,03742994,11,0,1,105,D,.10,D,54,D,1,D
20173,03744411,32,0,1,105,D,,A,300,D,1,D
20173,03744541,14,0,1,105,D,,A,292,F,2,D
20173,03744581,70,0,1,105,D,,A,240,D,1,D
20173,03744581,71,0,1,105,D,,A,100,D,1,D
20174,03566534,105,0,1,105,D,,A,531,D,1,D
20174,03566984,26,0,1,105,D,,A,647,D,1,D
20174,03568004,26,0,1,170,D,,A,20,D,2,D
20174,03569014,62,0,1,105,D,,A,350,D,1,D
20174,03569944,61,0,1,105,D,,A,551,D,1,D
20174,03569944,62,0,1,160,D,,A,100,D,2,D
20174,03570584,36,0,1,105,D,,A,250,D,1,D
20174,03571364,35,0,1,105,D,,A,150,D,1,D
20174,03571634,37,0,1,105,D,,A,100,D,1,D
20174,03572124,13,0,1,105,D,,A,35,D,2,D
20174,03573664,58,0,1,105,D,,A,130,D,2,D
20174,03573764,56,0,1,105,D,,A,315,D,1,D
20174,03574554,33,0,1,105,D,,A,900,D,2,D
20174,03575994,15,0,1,105,D,,A,800,D,1,D
20174,03576814,28,0,1,200,D,,A,500,D,1,D
20174,03577134,36,0,1,105,D,,A,250,D,1,D
20174,03577264,58,0,1,105,D,,A,1180,D,1,D
20174,03587844,20,0,1,105,D,,A,250,D,2,D
20174,03589684,46,0,1,200,D,,A,250,D,1,D
20174,03589814,38,0,1,105,D,,A,185,D,2,D
20174,03590054,42,0,1,105,D,,A,85,D,2,D
20174,03590864,11,0,1,105,D,,A,3250,D,2,D
20174,03592644,19,0,1,105,D,,A,480,D,1,D
20174,03592744,35,0,1,105,D,,A,1243,D,1,D
20174,03592894,45,0,1,105,D,,A,252,D,1,D
20174,03593244,39,0,1,105,D,,A,215,D,1,D
20174,03593614,29,0,1,105,D,,A,250,D,2,D
20174,03593824,33,0,1,105,D,,A,300,D,2,D
20174,03593824,34,0,1,105,D,,A,70,D,2,D
20174,03595204,34,0,1,105,D,,A,150,D,1,D
20174,03595584,16,0,1,105,D,,A,240,D,2,D
20174,03596324,25,0,1,105,D,,A,70,D,2,D
20174,03596924,42,0,1,105,D,,A,276,F,1,D
20174,03597164,16,0,1,105,D,,A,115,D,2,D
20174,03597184,33,0,1,105,D,,A,1100,D,1,D
20174,03598874,20,0,1,105,D,,A,416,D,2,D
20174,03599494,31,0,1,105,D,,A,230,D,1,D
20174,03599644,15,0,1,180,D,,A,189,D,2,D
20174,03600064,35,0,1,105,D,,A,62,D,1,D
20174,03601234,35,0,1,105,D,,A,250,D,1,D
20174,03603934,28,0,1,105,D,,A,10,D,2,D
20174,03604484,38,0,1,105,D,,A,200,D,1,D
20174,03606474,45,0,1,105,D,,A,200,D,1,D
20174,03607404,30,0,1,105,D,,A,100,D,1,D
20174,03607834,16,0,1,105,D,,A,300,D,1,D
20174,03608104,25,0,1,180,D,,A,100,D,2,D
20174,03608774,27,0,1,105,D,,A,860,D,1,D
20174,03639873,34,0,1,105,D,,A,71,D,1,D
20174,03641743,44,0,1,105,D,,A,310,D,1,D
20174,03642343,43,0,1,105,D,,A,375,D,1,D
20174,03642613,32,0,1,105,D,,A,79,D,1,D
20174,03643193,30,0,1,105,D,,A,80,D,2,D
20174,03643233,42,0,1,105,D,,A,133,D,1,D
20174,03643403,8,0,1,170,D,,A,900,D,2,D
20174,03643403,61,0,1,160,D,,A,7000,D,1,D
20174,03644033,28,0,1,105,D,,A,220,D,1,D
20174,03645253,28,0,1,105,D,,A,80,D,1,D
20174,03646613,32,0,1,105,D,,A,350,D,1,D
20174,03646853,39,0,1,105,D,,A,150,D,1,D
20174,03647203,17,0,1,105,D,,A,2,D,2,D
20174,03647223,48,0,1,105,D,,A,160,D,1,D
20174,03647223,49,0,1,105,D,,A,105,D,1,D
20174,03647733,25,0,1,105,D,,A,75,D,2,D
20174,03647813,35,0,1,105,D,,A,276,F,1,D
20174,03649463,46,0,1,105,D,,A,281,D,1,D
20174,03649523,40,0,1,105,D,,A,760,D,1,D
20174,03649723,8,0,1,105,D,,A,2000,D,2,D
20174,03650053,17,0,1,200,D,,A,206,D,1,D
20174,03650263,25,0,1,105,D,,A,187,D,1,D
20174,03650263,26,0,1,105,D,,A,171,D,1,D
20174,03650393,32,0,1,160,D,,A,120,D,1,D
20174,03652223,25,0,1,105,D,,A,120,D,1,D
20174,03652353,24,0,1,200,D,,A,150,D,1,D
20174,03654183,49,0,1,105,D,,A,224,D,1,D
20174,03654333,50,0,1,105,D,,A,111,D,1,D
20174,03654333,51,0,1,105,D,,A,111,D,1,D
20174,03655073,26,0,1,105,D,,A,450,D,1,D
20174,03655593,21,0,1,105,D,,A,265,D,1,D
20174,03655623,40,0,1,105,D,,A,185,D,1,D
20174,03655623,41,0,1,105,D,,A,150,D,2,D
20174,03656653,26,0,1,170,D,,A,25,D,1,D
20174,03656803,27,0,1,200,D,,A,14,D,2,D
20174,03657533,16,0,1,105,D,,A,263,D,1,D
20174,03658143,45,0,1,105,D,,A,247,D,2,D
20174,03658343,13,0,1,105,D,,A,167,D,1,D
20174,03658343,14,0,1,105,D,,A,23,D,1,D
20174,03658653,28,0,1,105,D,,A,100,D,2,D
20174,03658913,32,0,1,105,D,,A,640,D,2,D
20174,03658953,17,0,1,105,D,,A,300,D,2,D
20174,03659023,17,0,1,105,D,,A,331,D,1,D
20174,03659114,56,0,1,180,D,,A,80,D,2,D
20174,03660373,25,0,1,105,D,,A,500,D,1,D
20174,03660643,16,0,1,180,D,,A,35,D,2,D
20174,03661803,10,0,1,105,D,,A,40,D,1,D
20174,03662673,34,0,1,105,D,,A,486,D,1,D
20174,03662943,50,0,1,105,D,,A,138,D,1,D
20174,03663363,25,0,1,105,D,,A,413,D,2,D
20174,03663973,34,0,1,105,D,,A,200,D,1,D
20174,03664413,40,0,1,105,D,,A,382,D,1,D
20174,03664793,47,0,1,105,D,,A,250,D,1,D
20174,03665833,65,0,1,105,D,,A,245,D,1,D
20174,03666053,26,0,1,105,D,,A,250,D,2,D
20174,03666203,36,0,1,105,D,,A,363,D,1,D
20174,03667623,52,0,1,105,D,,A,280,D,2,D
20174,03667653,19,0,1,105,D,,A,246,D,2,D
20174,03667913,19,0,1,105,D,,A,80,D,1,D
20174,03669243,6,0,1,105,D,,A,343,D,2,D
20174,03669683,21,0,1,105,D,,A,289,D,2,D
20174,03692742,38,0,1,105,D,,A,1200,D,1,D
20174,03692872,56,0,1,105,D,,A,176,D,1,D
20174,03693782,14,0,1,105,D,,A,300,D,2,D
20174,03694342,26,0,1,105,D,,A,276,F,1,D
20174,03695262,28,0,1,105,D,,A,1000,D,2,D
20174,03697043,18,0,1,105,D,,A,150,D,1,D
20174,03697043,19,0,1,160,D,,A,50,D,1,D
20174,03697412,32,0,1,105,D,,A,140,D,2,D
20174,03697852,16,0,1,200,D,,A,180,D,1,D
20174,03698132,12,0,1,105,D,,A,200,D,1,D
20174,03698252,22,0,1,105,D,,A,364,F,2,D
20174,03699512,32,0,1,105,D,,A,350,D,1,D
20174,03700372,32,0,1,105,D,1.0,D,0,D,1,D
20174,03700403,27,0,1,180,D,,A,100,D,1,D
20174,03700712,17,0,1,105,D,,A,100,D,1,D
20174,03701322,27,0,1,105,D,,A,425,D,2,D
20174,03701782,23,0,1,200,D,,A,60,D,2,D
20174,03702262,30,0,1,105,D,,A,910,D,1,D
20174,03702672,33,0,1,105,D,,A,680,D,1,D
20174,03713502,33,0,1,105,D,,A,150,D,1,D
20174,03714842,28,0,1,105,D,,A,200,D,1,D
20174,03715082,18,0,1,105,D,,A,85,D,1,D
20174,03715102,36,0,1,105,D,,A,771,D,1,D
20174,03715322,43,0,1,160,D,,A,120,D,1,D
20174,03715542,25,0,1,105,D,,A,460,D,1,D
20174,03715552,48,0,1,105,D,,A,600,D,2,D
20174,03716082,24,0,1,105,D,,A,298,D,1,D
20174,03716872,16,0,1,105,D,,A,150,D,2,D
20174,03717322,19,0,1,105,D,,A,66,D,1,D
20174,03717322,20,0,1,105,D,,A,170,D,1,D
20174,03717332,18,0,1,105,D,,A,235,D,1,D
20174,03717702,21,0,1,105,D,,A,200,D,2,D
20174,03718912,16,0,1,105,D,1.0,D,0,D,2,D
20174,03719552,30,0,1,105,D,,A,85,D,1,D
20174,03719822,34,0,1,200,D,,A,61,D,2,D
20174,03719923,40,0,1,105,D,,A,85,D,1,D
20174,03720032,37,0,1,105,D,,A,320,D,1,D
20174,03720032,38,0,1,105,D,,A,60,D,2,D
20174,03721862,44,0,1,105,D,,A,220,D,1,D
20174,03722532,42,0,1,105,D,,A,100,D,2,D
20174,03722592,34,0,1,105,D,,A,117,D,2,D
20174,03723252,42,0,1,105,D,.20,D,425,D,1,D
20174,03723262,27,0,1,105,D,,A,589,D,2,D
20174,03723482,24,0,1,105,D,,A,32,D,1,D
20174,03723582,43,0,1,105,D,,A,91,D,2,D
20174,03734482,47,0,1,105,D,,A,200,D,1,D
20174,03734583,7,0,1,105,D,,A,45,D,2,D
20174,03734812,19,0,1,105,D,,A,350,D,1,D
20174,03735802,28,0,1,200,D,,A,300,D,2,D
20174,03736152,21,0,1,105,D,,A,180,D,2,D
20174,03736282,26,0,1,105,D,,A,240,D,1,D
20174,03738162,47,0,1,105,D,,A,126,D,2,D
20174,03738522,53,0,1,105,D,,A,62,D,1,D
20174,03739802,15,0,1,105,D,,A,180,D,2,D
20174,03740932,20,0,1,105,D,,A,364,F,2,D
20174,03740932,21,0,1,105,D,,A,364,F,2,D
20174,03741102,11,0,1,105,D,,A,50,D,2,D
20174,03744082,25,0,1,105,D,,A,150,D,1,D
20174,03755221,18,0,1,105,D,,A,1300,D,1,D
20174,03755301,15,0,1,105,D,,A,70,D,1,D
20174,03755511,51,0,1,105,D,,A,600,D,1,D
20174,03755511,52,0,1,105,D,,A,250,D,1,D
20174,03755511,53,0,1,105,D,,A,100,D,1,D
20174,03755511,54,0,1,105,D,,A,200,D,1,D
20174,03755511,55,0,1,180,D,,A,40,D,1,D
20174,03756171,51,0,1,160,D,,A,300,D,1,D
20174,03756483,15,0,1,105,D,,A,170,D,2,D
20174,03756641,15,0,1,105,D,,A,1000,D,2,D
20174,03757091,32,0,1,170,D,,A,135,D,2,D
20174,03757301,6,0,1,105,D,,A,70,D,2,D
20174,03757901,14,0,1,200,D,,A,30,D,2,D
20174,03758071,20,0,1,105,D,,A,150,D,1,D
20174,03758221,28,0,1,160,D,,A,120,D,1,D
20174,03758321,21,0,1,160,D,,A,1,D,2,D
20174,03758651,31,0,1,105,D,,A,300,D,1,D
20174,03758801,38,0,1,105,D,,A,100,D,1,D
20174,03758911,9,0,1,105,D,,A,350,D,2,D
20174,03760021,18,0,1,105,D,,A,300,D,2,D
20174,03761231,30,0,1,105,D,,A,550,D,1,D
20174,03761641,26,0,1,105,D,,A,150,D,1,D
20174,03761671,11,0,1,105,D,,A,1,D,2,D
20174,03762503,16,0,1,105,D,,A,30,D,2,D
20174,03762651,33,0,1,160,D,,A,134,D,1,D
20174,03762881,11,0,1,105,D,,A,100,D,1,D
20174,03763233,12,0,1,105,D,,A,30,D,2,D
20174,03763443,12,0,1,105,D,,A,30,D,2,D
20174,03763461,13,0,1,105,D,,A,200,D,1,D
20174,03763851,22,0,1,200,D,,A,120,D,1,D
20174,03764661,30,0,1,105,D,,A,1000,D,2,D
20174,03764731,3,0,1,170,D,,A,350,D,2,D
20174,03764971,12,0,1,105,D,,A,125,D,2,D
20174,03765341,10,0,1,105,D,,A,70,D,2,D
20174,03765731,29,0,1,105,D,,A,500,D,1,D
20174,03765811,30,0,1,130,D,,A,750,D,1,D
20174,03776781,15,0,1,105,D,,A,125,D,2,D
20174,03776871,45,0,1,105,D,1.0,D,0,D,1,D
20174,03777464,14,0,1,105,D,,A,75,D,2,D
20174,03778261,28,0,1,160,D,,A,200,D,1,D
20174,03778361,12,0,1,170,D,,A,100,D,1,D
20174,03778861,8,0,1,105,D,,A,80,D,1,D
20174,03779511,17,0,1,105,D,,A,350,D,1,D
20174,03779561,23,0,1,105,D,,A,20,D,2,D
20174,03779891,13,0,1,105,D,,A,178,D,1,D
20174,03780141,20,0,1,105,D,,A,175,D,2,D
20174,03780921,23,0,1,105,D,,A,500,D,1,D
20174,03781141,7,0,1,105,D,,A,120,D,2,D
20174,03781421,25,0,1,105,D,,A,600,D,1,D
20174,03782111,20,0,1,105,D,,A,125,D,1,D
20174,03782221,60,0,1,105,D,,A,350,D,1,D
20174,03782651,22,0,1,105,D,,A,300,D,1,D
20174,03782911,25,0,1,105,D,,A,175,D,1,D
20174,03783881,14,0,1,105,D,,A,150,D,1,D
20174,03784471,16,0,1,105,D,,A,207,D,1,D
20174,03784501,7,0,1,105,D,,A,920,D,2,D
20174,03784951,27,0,1,105,D,,A,43,D,1,D
20174,03785061,6,0,1,105,D,,A,200,D,1,D
20174,03785442,21,0,1,105,D,,A,125,D,2,D
20174,03785442,22,0,1,105,D,,A,200,D,1,D
20174,03785741,18,0,1,105,D,,A,400,D,1,D
20174,03786521,15,0,1,105,D,,A,1800,D,1,D
20174,03786641,15,0,1,105,D,,A,100,D,1,D
20174,03786641,16,0,1,105,D,,A,100,D,1,D
20174,03786641,17,0,1,105,D,.25,D,150,D,1,D
20174,03786741,19,0,1,105,D,,A,680,D,1,D
20174,03786901,23,0,1,105,D,,A,3000,D,1,D
20174,03797441,18,0,1,105,D,,A,95,D,1,D
20174,03798361,31,0,1,105,D,,A,843,D,1,D
20174,03798411,24,0,1,105,D,1.0,D,0,D,1,D
20174,03798491,23,0,1,105,D,,A,470,D,1,D
20174,03798611,23,0,1,105,D,,A,200,D,1,D
20174,03800154,22,0,1,105,D,,A,1000,D,1,D
20174,03800351,36,0,1,105,D,,A,2000,D,1,D
20174,03800641,29,0,1,105,D,,A,120,D,1,D
20174,03800793,10,0,1,105,D,,A,150,D,1,D
20174,03800841,29,0,1,105,D,,A,450,D,1,D
20174,03801291,19,0,1,105,D,,A,300,D,1,D
20174,03801331,20,0,1,105,D,,A,300,D,2,D
20174,03802021,12,0,1,105,D,,A,90,D,1,D
20174,03802161,20,0,1,105,D,,A,150,D,2,D
20174,03803191,26,0,1,105,D,,A,350,D,1,D
20174,03803791,19,0,1,105,D,,A,175,D,1,D
20174,03804641,26,0,1,105,D,,A,300,D,1,D
20174,03804721,5,0,1,105,D,,A,50,D,1,D
20174,03805071,33,0,1,105,D,,A,72,D,1,D
20174,03806001,19,0,1,105,D,,A,276,F,1,D
20174,03806031,10,0,1,105,D,,A,1400,D,1,D
20174,03806031,11,0,1,180,D,,A,700,D,1,D
20174,03806521,23,0,1,105,D,,A,70,D,2,D
20174,03806711,24,0,1,105,D,,A,190,D,2,D
20174,03807341,30,0,1,105,D,,A,260,D,1,D
20174,03807501,45,0,1,105,D,,A,71,D,1,D
20174,03807751,34,0,1,105,D,,A,150,D,1,D
20174,03808211,2,0,1,105,D,,A,450,D,2,D
20181,03639634,28,0,1,105,D,,A,360,D,1,D
20181,03640434,24,0,1,105,D,,A,400,D,2,D
20181,03641404,13,0,1,105,D,,A,300,D,2,D
20181,03641744,34,0,1,170,D,,A,40,D,1,D
20181,03642614,51,0,1,105,D,,A,399,D,1,D
20181,03642734,49,0,1,105,D,,A,506,D,1,D
20181,03643194,38,0,1,105,D,,A,400,D,1,D
20181,03643374,24,0,1,105,D,,A,600,D,1,D
20181,03643404,90,0,1,105,D,,A,100,D,1,D
20181,03643764,76,0,1,105,D,,A,500,D,1,D
20181,03644734,29,0,1,105,D,,A,164,D,1,D
20181,03645714,24,0,1,105,D,,A,280,D,1,D
20181,03646174,61,0,1,105,D,,A,550,D,1,D
20181,03646184,25,0,1,105,D,,A,365,D,1,D
20181,03646384,57,0,1,105,D,,A,235,D,2,D
20181,03647844,53,0,1,105,D,,A,250,D,2,D
20181,03648144,63,0,1,105,D,,A,250,D,1,D
20181,03649084,995,0,1,140,D,,A,13032,D,2,D
20181,03649524,66,0,1,105,D,,A,110,D,1,D
20181,03649724,7,0,1,105,D,,A,765,D,2,D
20181,03650054,16,0,1,105,D,,A,203,D,1,D
20181,03650394,35,0,1,105,D,,A,105,D,1,D
20181,03655264,23,0,1,105,D,,A,637,D,1,D
20181,03655264,24,0,1,105,D,,A,100,D,1,D
20181,03655494,31,0,1,105,D,,A,400,D,1,D
20181,03655564,34,0,1,105,D,,A,200,D,1,D
20181,03655594,27,0,1,105,D,,A,122,D,1,D
20181,03655984,29,0,1,105,D,,A,165,D,1,D
20181,03658324,19,0,1,105,D,,A,120,D,2,D
20181,03661744,31,0,1,105,D,,A,654,D,2,D
20181,03661984,18,0,1,105,D,,A,400,D,1,D
20181,03663194,30,0,1,105,D,,A,291,D,1,D
20181,03664054,31,0,1,105,D,,A,50,D,1,D
20181,03664414,33,0,1,105,D,,A,220,D,1,D
20181,03664484,23,0,1,105,D,,A,175,D,1,D
20181,03665294,22,0,1,105,D,,A,300,D,1,D
20181,03665324,37,0,1,105,D,,A,200,D,1,D
20181,03665834,56,0,1,105,D,,A,125,D,1,D
20181,03667934,53,0,1,105,D,,A,350,D,1,D
20181,03668054,53,0,1,105,D,,A,425,D,1,D
20181,03671334,39,0,1,105,D,,A,350,D,2,D
20181,03693643,35,0,1,105,D,,A,128,D,1,D
20181,03697503,25,0,1,105,D,,A,70,D,2,D
20181,03697503,26,0,1,105,D,,A,1200,D,1,D
20181,03699683,54,0,1,105,D,,A,175,D,1,D
20181,03700523,41,0,1,105,D,,A,75,D,2,D
20181,03702043,41,0,1,105,D,,A,450,D,2,D
20181,03713503,41,0,1,105,D,,A,100,D,1,D
20181,03715103,22,0,1,105,D,,A,140,D,1,D
20181,03715493,48,0,1,105,D,,A,350,D,1,D
20181,03716513,34,0,1,105,D,,A,200,D,1,D
20181,03717063,94,0,1,105,D,,A,670,D,1,D
20181,03717333,14,0,1,105,D,,A,100,D,1,D
20181,03718913,23,0,1,105,D,,A,800,D,1,D
20181,03719523,20,0,1,105,D,,A,360,D,1,D
20181,03719553,37,0,1,105,D,,A,54,D,1,D
20181,03719924,47,0,1,105,D,,A,140,D,1,D
20181,03721663,33,0,1,130,D,,A,100,D,1,D
20181,03722183,40,0,1,105,D,,A,150,D,2,D
20181,03722183,41,0,1,105,D,,A,60,D,1,D
20181,03723523,33,0,1,105,D,,A,300,F,2,D
20181,03734153,42,0,1,105,D,,A,129,D,2,D
20181,03738163,60,0,1,105,D,,A,125,D,2,D
20181,03738843,14,0,1,105,D,,A,200,D,2,D
20181,03739293,43,0,1,105,D,,A,400,D,1,D
20181,03739543,42,0,1,105,D,,A,75,D,1,D
20181,03741733,13,0,1,105,D,,A,258,D,2,D
20181,03742983,28,0,1,105,D,,A,2000,D,2,D
20181,03756172,38,0,1,105,D,,A,650,D,1,D
20181,03756172,39,0,1,105,D,,A,100,D,2,D
20181,03756642,20,0,1,105,D,,A,1090,D,1,D
20181,03756852,2,0,1,105,D,,A,100,D,2,D
20181,03757072,14,0,1,105,D,,A,1900,D,1,D
20181,03757902,20,0,1,105,D,,A,30,D,2,D
20181,03758072,25,0,1,105,D,,A,200,D,2,D
20181,03758332,24,0,1,105,D,,A,80,D,1,D
20181,03758872,23,0,1,105,D,,A,200,D,1,D
20181,03758942,35,0,1,105,D,,A,820,D,2,D
20181,03759802,87,0,1,105,D,,A,332,D,1,D
20181,03759802,88,0,1,105,D,,A,434,D,1,D
20181,03759802,89,0,1,105,D,,A,350,D,1,D
20181,03759892,31,0,1,105,D,.99,D,4,D,1,D
20181,03760532,53,0,1,130,D,,A,250,D,1,D
20181,03760712,24,0,1,105,D,,A,220,D,1,D
20181,03760712,25,0,1,105,D,,A,40,D,1,D
20181,03760992,36,0,1,105,D,,A,340,D,2,D
20181,03761012,44,0,1,130,D,,A,26,D,1,D
20181,03761232,46,0,1,105,D,,A,750,D,1,D
20181,03761893,57,0,1,105,D,,A,210,D,2,D
20181,03762652,86,0,1,105,D,,A,120,D,2,D
20181,03763444,11,0,1,105,D,,A,25,D,2,D
20181,03763462,10,0,1,105,D,,A,150,D,2,D
20181,03763592,29,0,1,160,D,,A,35,D,2,D
20181,03764152,21,0,1,105,D,,A,300,D,1,D
20181,03777502,9,0,1,105,D,,A,450,D,1,D
20181,03778012,20,0,1,105,D,,A,106,D,1,D
20181,03778172,15,0,1,105,D,,A,30,D,2,D
20181,03778532,31,0,1,105,D,,A,174,D,1,D
20181,03778822,16,0,1,105,D,,A,295,F,1,D
20181,03779212,59,0,1,105,D,,A,265,D,1,D
20181,03779512,26,0,1,105,D,,A,597,D,1,D
20181,03779512,27,0,1,105,D,,A,400,D,1,D
20181,03781142,10,0,1,105,D,,A,400,D,2,D
20181,03782562,52,0,1,105,D,,A,150,D,1,D
20181,03784102,35,0,1,105,D,,A,500,D,1,D
20181,03784812,13,0,1,105,D,,A,900,D,1,D
20181,03784932,40,0,1,105,D,,A,100,D,2,D
20181,03785443,26,0,1,105,D,,A,230,D,1,D
20181,03785443,27,0,1,105,D,,A,110,D,1,D
20181,03785532,14,0,1,105,D,,A,337,D,2,D
20181,03786212,31,0,1,105,D,,A,375,D,1,D
20181,03786902,29,0,1,105,D,,A,50,D,2,D
20181,03798002,15,0,1,105,D,,A,140,D,1,D
20181,03798412,21,0,1,105,D,,A,675,D,1,D
20181,03798532,39,0,1,105,D,,A,300,D,1,D
20181,03798932,45,0,1,105,D,,A,30,D,1,D
20181,03799392,45,0,1,105,D,,A,400,D,1,D
20181,03799462,24,0,1,105,D,,A,1000,D,1,D
20181,03799522,20,0,1,200,D,,A,200,D,1,D
20181,03800222,9,0,1,105,D,,A,1000,D,1,D
20181,03802742,17,0,1,105,D,,A,40,D,1,D
20181,03804352,24,0,1,105,D,,A,450,D,1,D
20181,03804612,59,0,1,105,D,,A,730,D,1,D
20181,03805072,47,0,1,200,D,,A,120,D,1,D
20181,03805372,46,0,1,105,D,,A,260,D,2,D
20181,03806092,30,0,1,105,D,,A,115,D,1,D
20181,03807502,58,0,1,105,D,,A,205,D,1,D
20181,03807932,24,0,1,105,D,,A,120,D,1,D
20181,03819651,10,0,1,105,D,,A,70,D,2,D
20181,03820121,15,0,1,105,D,,A,200,D,1,D
20181,03821891,11,0,1,105,D,,A,130,D,1,D
20181,03824171,19,0,1,105,D,,A,256,D,1,D
20181,03824571,32,0,1,105,D,,A,84,D,1,D
20181,03824571,33,0,1,105,D,,A,90,D,1,D
20181,03824571,34,0,1,105,D,,A,75,D,1,D
20181,03825221,27,0,1,105,D,,A,155,D,1,D
20181,03825361,27,0,1,105,D,,A,1200,D,1,D
20181,03825571,25,0,1,105,D,,A,620,D,2,D
20181,03825811,31,0,1,105,D,,A,250,D,1,D
20181,03825893,6,0,1,180,D,,A,30,D,1,D
20181,03826251,8,0,1,105,D,,A,115,D,1,D
20181,03827411,12,0,1,105,D,,A,165,D,1,D
20181,03827741,18,0,1,105,D,,A,200,D,1,D
20181,03828161,11,0,1,105,D,,A,110,D,2,D
20181,03839911,18,0,1,105,D,,A,380,D,2,D
20181,03840221,22,0,1,105,D,,A,40,D,2,D
20181,03840221,23,0,1,105,D,,A,30,D,2,D
20181,03840791,26,0,1,105,D,,A,179,D,2,D
20181,03841091,7,0,1,200,D,,A,1600,D,2,D
20181,03841211,25,0,1,105,D,,A,200,D,1,D
20181,03842041,6,0,1,105,D,,A,400,D,2,D
20181,03842071,89,0,1,105,D,,A,150,D,2,D
20181,03842203,33,0,1,105,D,,A,275,D,1,D
20181,03842481,16,0,1,105,D,,A,65,D,2,D
20181,03842561,37,0,1,105,D,,A,720,D,1,D
20181,03842711,15,0,1,105,D,,A,641,D,2,D
20181,03843241,33,0,1,105,D,,A,180,D,1,D
20181,03843391,41,0,1,105,D,,A,1400,D,1,D
20181,03843531,8,0,1,105,D,,A,500,D,1,D
20181,03844071,40,0,1,105,D,,A,225,D,1,D
20181,03845201,28,0,1,105,D,,A,250,D,1,D
20181,03845711,25,0,1,105,D,1.0,D,0,D,1,D
20181,03845721,29,0,1,105,D,,A,700,D,2,D
20181,03845901,48,0,1,140,D,,A,80,D,2,D
20181,03846261,27,0,1,105,D,,A,50,D,1,D
20181,03847231,16,0,1,105,D,,A,140,D,2,D
20181,03847461,29,0,1,105,D,1.0,D,0,D,1,D
20181,03848161,27,0,1,105,D,,A,20,D,2,D
20181,03849643,18,0,1,105,D,,A,100,D,1,D
20181,03849821,20,0,1,105,D,,A,50,D,1,D
20181,03849821,21,0,1,105,D,,A,100,D,1,D
20181,03849821,22,0,1,200,D,,A,50,D,1,D
20181,03850253,17,0,1,105,D,,A,150,D,1,D
20181,03850253,18,0,1,105,D,,A,130,D,1,D
20181,03852651,44,0,1,105,D,,A,110,D,1,D
20181,03853411,18,0,1,105,D,,A,700,D,2,D
20181,03853591,26,0,1,105,D,,A,200,D,1,D
20181,03854411,35,0,1,105,D,,A,30,D,2,D
20181,03854991,15,0,1,105,D,,A,295,F,1,D
20181,03856991,19,0,1,105,D,,A,390,D,2,D
20181,03857071,27,0,1,105,D,,A,250,D,1,D
20181,03857071,28,0,1,105,D,,A,250,D,1,D
20181,03857071,29,0,1,105,D,,A,500,D,1,D
20181,03857561,44,0,1,105,D,,A,150,D,1,D
20181,03859131,29,0,1,105,D,,A,505,D,1,D
20181,03859321,18,0,1,105,D,,A,500,D,1,D
20181,03859971,10,0,1,105,D,,A,25,D,1,D
